videoId,trackKey,trackId,pedestrianId,firstOffsetSeconds,lastOffsetSeconds,bestOffsetSeconds,firstObservedAt,lastObservedAt,firstTimestamp,lastTimestamp,bestTimestamp,sampleCount,roiQualifiedSampleCount,maxOcclusionClass,thumbnailPath,previewPath,appearanceSummary
16b7544e,16b7544e:1,348792be,1,0.0,5.27,3.93,2026-04-01T11:11:11,2026-04-01T11:11:16,11:11:11 AM,11:11:16 AM,11:11:14 AM,6,3,2,storage/videos/processed/16b7544e/tracks/track-1.jpg,,"Representative crop suggests head region appears gray, upper clothing appears blue, lower clothing appears gray. Visibility shows light occlusion."
16b7544e,16b7544e:2,9ffe5e59,2,0.0,76.79,75.39,2026-04-01T11:11:11,2026-04-01T11:12:27,11:11:11 AM,11:12:27 AM,11:12:26 AM,77,36,1,storage/videos/processed/16b7544e/tracks/track-2.jpg,,"Representative crop suggests head region appears gray, upper clothing appears yellow, lower clothing appears gray. Visibility shows light occlusion."
16b7544e,16b7544e:3,6576d6f4,3,0.0,29.0,27.13,2026-04-01T11:11:11,2026-04-01T11:11:40,11:11:11 AM,11:11:40 AM,11:11:38 AM,29,27,2,storage/videos/processed/16b7544e/tracks/track-3.jpg,,"Representative crop suggests head region appears gray, upper clothing appears gray, lower clothing appears blue. Visibility shows light occlusion."
16b7544e,16b7544e:8,6caadd8d,8,1.67,15.8,11.13,2026-04-01T11:11:12,2026-04-01T11:11:26,11:11:12 AM,11:11:26 AM,11:11:22 AM,15,13,0,storage/videos/processed/16b7544e/tracks/track-8.jpg,,"Representative crop suggests head region appears gray, upper clothing appears gray, lower clothing appears gray. Visibility shows light occlusion."
16b7544e,16b7544e:14,a5b64161,14,4.93,5.0,4.93,2026-04-01T11:11:15,2026-04-01T11:11:16,11:11:15 AM,11:11:16 AM,11:11:15 AM,1,0,1,storage/videos/processed/16b7544e/tracks/track-14.jpg,,"Representative crop suggests head region appears gray, upper clothing appears gray, lower clothing appears blue. Visibility shows moderate occlusion."
16b7544e,16b7544e:22,766e6736,22,5.53,5.73,5.67,2026-04-01T11:11:16,2026-04-01T11:11:16,11:11:16 AM,11:11:16 AM,11:11:16 AM,1,1,0,storage/videos/processed/16b7544e/tracks/track-22.jpg,,"Representative crop suggests head region appears gray, upper clothing appears gray, lower clothing appears blue. Visibility shows light occlusion."
16b7544e,16b7544e:28,91a09fce,28,7.07,9.67,9.13,2026-04-01T11:11:18,2026-04-01T11:11:20,11:11:18 AM,11:11:20 AM,11:11:20 AM,3,3,0,storage/videos/processed/16b7544e/tracks/track-28.jpg,,"Representative crop suggests head region appears gray, upper clothing appears gray, lower clothing appears blue. Visibility shows light occlusion."
16b7544e,16b7544e:36,93c8442c,36,10.53,12.4,12.0,2026-04-01T11:11:21,2026-04-01T11:11:23,11:11:21 AM,11:11:23 AM,11:11:23 AM,3,0,0,storage/videos/processed/16b7544e/tracks/track-36.jpg,,"Representative crop suggests head region appears gray, upper clothing appears gray, lower clothing appears gray. Visibility shows light occlusion."
16b7544e,16b7544e:40,f1e7c459,40,10.8,14.07,10.93,2026-04-01T11:11:21,2026-04-01T11:11:25,11:11:21 AM,11:11:25 AM,11:11:21 AM,5,5,0,storage/videos/processed/16b7544e/tracks/track-40.jpg,,"Representative crop suggests head region appears gray, upper clothing appears blue, lower clothing appears gray. Visibility shows light occlusion."
16b7544e,16b7544e:46,7f18c4f4,46,12.2,12.27,12.2,2026-04-01T11:11:23,2026-04-01T11:11:23,11:11:23 AM,11:11:23 AM,11:11:23 AM,1,1,1,storage/videos/processed/16b7544e/tracks/track-46.jpg,,"Representative crop suggests head region appears gray, upper clothing appears gray, lower clothing appears blue. Visibility shows light occlusion."
16b7544e,16b7544e:52,e5862b41,52,13.93,23.4,23.4,2026-04-01T11:11:24,2026-04-01T11:11:34,11:11:24 AM,11:11:34 AM,11:11:34 AM,11,10,2,storage/videos/processed/16b7544e/tracks/track-52.jpg,,"Representative crop suggests head region appears gray, upper clothing appears gray, lower clothing appears gray. Visibility shows heavy occlusion."
16b7544e,16b7544e:77,56c619c6,77,17.86,43.53,41.53,2026-04-01T11:11:28,2026-04-01T11:11:54,11:11:28 AM,11:11:54 AM,11:11:52 AM,27,24,2,storage/videos/processed/16b7544e/tracks/track-77.jpg,,"Representative crop suggests head region appears gray, upper clothing appears blue, lower clothing appears gray. Visibility shows moderate occlusion."
16b7544e,16b7544e:88,1c6e2424,88,22.73,22.8,22.8,2026-04-01T11:11:33,2026-04-01T11:11:33,11:11:33 AM,11:11:33 AM,11:11:33 AM,1,1,1,storage/videos/processed/16b7544e/tracks/track-88.jpg,,"Representative crop suggests head region appears gray, upper clothing appears gray, lower clothing appears blue. Visibility shows moderate occlusion."
16b7544e,16b7544e:115,0839d57b,115,36.33,41.4,41.4,2026-04-01T11:11:47,2026-04-01T11:11:52,11:11:47 AM,11:11:52 AM,11:11:52 AM,6,5,0,storage/videos/processed/16b7544e/tracks/track-115.jpg,,"Representative crop suggests head region appears gray, upper clothing appears gray, lower clothing appears gray. Visibility shows light occlusion."
16b7544e,16b7544e:126,a7a5ed98,126,44.6,68.93,45.59,2026-04-01T11:11:55,2026-04-01T11:12:19,11:11:55 AM,11:12:19 AM,11:11:56 AM,25,23,2,storage/videos/processed/16b7544e/tracks/track-126.jpg,,"Representative crop suggests head region appears gray, upper clothing appears gray, lower clothing appears gray. Visibility shows heavy occlusion."
16b7544e,16b7544e:127,afcf0940,127,45.13,45.19,45.19,2026-04-01T11:11:56,2026-04-01T11:11:56,11:11:56 AM,11:11:56 AM,11:11:56 AM,1,0,1,storage/videos/processed/16b7544e/tracks/track-127.jpg,,"Representative crop suggests head region appears gray, upper clothing appears gray, lower clothing appears gray. Visibility shows moderate occlusion."
16b7544e,16b7544e:129,382ad8f1,129,47.59,47.86,47.79,2026-04-01T11:11:58,2026-04-01T11:11:58,11:11:58 AM,11:11:58 AM,11:11:58 AM,1,0,1,storage/videos/processed/16b7544e/tracks/track-129.jpg,,"Representative crop suggests head region appears gray, upper clothing appears gray, lower clothing appears gray. Visibility shows moderate occlusion."
16b7544e,16b7544e:138,2f0bb6c8,138,64.46,64.93,64.93,2026-04-01T11:12:15,2026-04-01T11:12:15,11:12:15 AM,11:12:15 AM,11:12:15 AM,1,0,2,storage/videos/processed/16b7544e/tracks/track-138.jpg,,"Representative crop suggests head region appears gray, upper clothing appears gray, lower clothing appears blue. Visibility shows heavy occlusion."
16b7544e,16b7544e:141,703480c4,141,64.93,72.99,65.79,2026-04-01T11:12:15,2026-04-01T11:12:23,11:12:15 AM,11:12:23 AM,11:12:16 AM,9,6,2,storage/videos/processed/16b7544e/tracks/track-141.jpg,,"Representative crop suggests head region appears gray, upper clothing appears blue, lower clothing appears blue. Visibility shows heavy occlusion."
16b7544e,16b7544e:147,46fdc012,147,70.19,77.06,70.19,2026-04-01T11:12:21,2026-04-01T11:12:28,11:12:21 AM,11:12:28 AM,11:12:21 AM,8,8,1,storage/videos/processed/16b7544e/tracks/track-147.jpg,,"Representative crop suggests head region appears gray, upper clothing appears gray, lower clothing appears gray. Visibility shows moderate occlusion."
16b7544e,16b7544e:148,b6b8ceb4,148,70.66,70.66,70.66,2026-04-01T11:12:21,2026-04-01T11:12:21,11:12:21 AM,11:12:21 AM,11:12:21 AM,1,1,2,storage/videos/processed/16b7544e/tracks/track-148.jpg,,"Representative crop suggests head region appears gray, upper clothing appears blue, lower clothing appears blue. Visibility shows heavy occlusion."
16b7544e,16b7544e:150,aa77bf70,150,72.46,299.9,233.11,2026-04-01T11:12:23,2026-04-01T11:16:10,11:12:23 AM,11:16:10 AM,11:15:04 AM,227,35,0,storage/videos/processed/16b7544e/tracks/track-150.jpg,,"Representative crop suggests head region appears gray, upper clothing appears gray, lower clothing appears gray. Visibility shows light occlusion."
16b7544e,16b7544e:178,5778f380,178,98.86,98.92,98.92,2026-04-01T11:12:49,2026-04-01T11:12:49,11:12:49 AM,11:12:49 AM,11:12:49 AM,1,1,0,storage/videos/processed/16b7544e/tracks/track-178.jpg,,"Representative crop suggests head region appears gray, upper clothing appears gray, lower clothing appears gray. Visibility shows light occlusion."
16b7544e,16b7544e:192,a5b5d2dd,192,104.06,107.32,105.59,2026-04-01T11:12:55,2026-04-01T11:12:58,11:12:55 AM,11:12:58 AM,11:12:56 AM,4,4,0,storage/videos/processed/16b7544e/tracks/track-192.jpg,,"Representative crop suggests head region appears gray, upper clothing appears gray, lower clothing appears gray. Visibility shows light occlusion."
16b7544e,16b7544e:198,0c27a2a6,198,106.25,106.85,106.39,2026-04-01T11:12:57,2026-04-01T11:12:57,11:12:57 AM,11:12:57 AM,11:12:57 AM,1,0,0,storage/videos/processed/16b7544e/tracks/track-198.jpg,,"Representative crop suggests head region appears gray, upper clothing appears gray, lower clothing appears gray. Visibility shows light occlusion."
16b7544e,16b7544e:205,b02417fa,205,110.39,110.85,110.65,2026-04-01T11:13:01,2026-04-01T11:13:01,11:13:01 AM,11:13:01 AM,11:13:01 AM,1,1,1,storage/videos/processed/16b7544e/tracks/track-205.jpg,,"Representative crop suggests head region appears gray, upper clothing appears gray, lower clothing appears gray. Visibility shows moderate occlusion."
16b7544e,16b7544e:206,927dce74,206,110.39,119.19,116.85,2026-04-01T11:13:01,2026-04-01T11:13:10,11:13:01 AM,11:13:10 AM,11:13:07 AM,10,5,1,storage/videos/processed/16b7544e/tracks/track-206.jpg,,"Representative crop suggests head region appears gray, upper clothing appears blue, lower clothing appears gray. Visibility shows moderate occlusion."
16b7544e,16b7544e:220,d927e54a,220,113.12,113.19,113.19,2026-04-01T11:13:04,2026-04-01T11:13:04,11:13:04 AM,11:13:04 AM,11:13:04 AM,1,1,1,storage/videos/processed/16b7544e/tracks/track-220.jpg,,"Representative crop suggests head region appears gray, upper clothing appears purple, lower clothing appears blue. Visibility shows moderate occlusion."
16b7544e,16b7544e:221,757ef248,221,113.25,142.92,113.99,2026-04-01T11:13:04,2026-04-01T11:13:33,11:13:04 AM,11:13:33 AM,11:13:04 AM,30,30,1,storage/videos/processed/16b7544e/tracks/track-221.jpg,,"Representative crop suggests head region appears gray, upper clothing appears blue, lower clothing appears gray. Visibility shows light occlusion."
16b7544e,16b7544e:223,2d71b279,223,116.99,139.72,118.32,2026-04-01T11:13:07,2026-04-01T11:13:30,11:13:07 AM,11:13:30 AM,11:13:09 AM,24,23,1,storage/videos/processed/16b7544e/tracks/track-223.jpg,,"Representative crop suggests head region appears gray, upper clothing appears blue, lower clothing appears blue. Visibility shows moderate occlusion."
16b7544e,16b7544e:224,948fad89,224,123.99,125.92,125.65,2026-04-01T11:13:14,2026-04-01T11:13:16,11:13:14 AM,11:13:16 AM,11:13:16 AM,3,0,0,storage/videos/processed/16b7544e/tracks/track-224.jpg,,"Representative crop suggests head region appears blue, upper clothing appears blue, lower clothing appears gray. Visibility shows light occlusion."
16b7544e,16b7544e:225,4be0cb49,225,124.12,128.52,128.12,2026-04-01T11:13:15,2026-04-01T11:13:19,11:13:15 AM,11:13:19 AM,11:13:19 AM,5,5,0,storage/videos/processed/16b7544e/tracks/track-225.jpg,,"Representative crop suggests head region appears gray, upper clothing appears gray, lower clothing appears gray. Visibility shows light occlusion."
16b7544e,16b7544e:227,b4a28f32,227,124.72,125.19,125.19,2026-04-01T11:13:15,2026-04-01T11:13:16,11:13:15 AM,11:13:16 AM,11:13:16 AM,2,2,0,storage/videos/processed/16b7544e/tracks/track-227.jpg,,"Representative crop suggests head region appears gray, upper clothing appears gray, lower clothing appears gray. Visibility shows light occlusion."
16b7544e,16b7544e:230,fc5ca5c4,230,125.25,126.39,126.39,2026-04-01T11:13:16,2026-04-01T11:13:17,11:13:16 AM,11:13:17 AM,11:13:17 AM,2,2,0,storage/videos/processed/16b7544e/tracks/track-230.jpg,,"Representative crop suggests head region appears gray, upper clothing appears gray, lower clothing appears gray. Visibility shows light occlusion."
16b7544e,16b7544e:231,b2034099,231,125.32,125.39,125.32,2026-04-01T11:13:16,2026-04-01T11:13:16,11:13:16 AM,11:13:16 AM,11:13:16 AM,1,1,1,storage/videos/processed/16b7544e/tracks/track-231.jpg,,"Representative crop suggests head region appears gray, upper clothing appears gray, lower clothing appears gray. Visibility shows moderate occlusion."
16b7544e,16b7544e:239,531e9501,239,126.85,128.05,127.65,2026-04-01T11:13:17,2026-04-01T11:13:19,11:13:17 AM,11:13:19 AM,11:13:18 AM,3,3,1,storage/videos/processed/16b7544e/tracks/track-239.jpg,,"Representative crop suggests head region appears gray, upper clothing appears gray, lower clothing appears gray. Visibility shows light occlusion."
16b7544e,16b7544e:254,8afbb908,254,130.92,131.52,130.92,2026-04-01T11:13:21,2026-04-01T11:13:22,11:13:21 AM,11:13:22 AM,11:13:21 AM,2,2,0,storage/videos/processed/16b7544e/tracks/track-254.jpg,,"Representative crop suggests head region appears gray, upper clothing appears blue, lower clothing appears gray. Visibility shows light occlusion."
16b7544e,16b7544e:255,9987bd79,255,131.45,132.72,131.72,2026-04-01T11:13:22,2026-04-01T11:13:23,11:13:22 AM,11:13:23 AM,11:13:22 AM,2,2,0,storage/videos/processed/16b7544e/tracks/track-255.jpg,,"Representative crop suggests head region appears gray, upper clothing appears gray, lower clothing appears gray. Visibility shows light occlusion."
16b7544e,16b7544e:262,a7df6630,262,133.99,134.39,134.32,2026-04-01T11:13:24,2026-04-01T11:13:25,11:13:24 AM,11:13:25 AM,11:13:25 AM,2,1,0,storage/videos/processed/16b7544e/tracks/track-262.jpg,,"Representative crop suggests head region appears gray, upper clothing appears gray, lower clothing appears gray. Visibility shows light occlusion."
16b7544e,16b7544e:264,1b90dabd,264,133.99,138.85,138.32,2026-04-01T11:13:24,2026-04-01T11:13:29,11:13:24 AM,11:13:29 AM,11:13:29 AM,5,5,0,storage/videos/processed/16b7544e/tracks/track-264.jpg,,"Representative crop suggests head region appears gray, upper clothing appears gray, lower clothing appears gray. Visibility shows light occlusion."
16b7544e,16b7544e:268,fe95dfaa,268,134.65,134.72,134.72,2026-04-01T11:13:25,2026-04-01T11:13:25,11:13:25 AM,11:13:25 AM,11:13:25 AM,1,0,1,storage/videos/processed/16b7544e/tracks/track-268.jpg,,"Representative crop suggests head region appears gray, upper clothing appears gray, lower clothing appears gray. Visibility shows moderate occlusion."
16b7544e,16b7544e:269,c525125e,269,134.79,177.11,174.91,2026-04-01T11:13:25,2026-04-01T11:14:08,11:13:25 AM,11:14:08 AM,11:14:05 AM,44,41,2,storage/videos/processed/16b7544e/tracks/track-269.jpg,,"Representative crop suggests head region appears gray, upper clothing appears gray, lower clothing appears blue. Visibility shows light occlusion."
16b7544e,16b7544e:270,2b582c3b,270,134.99,135.98,135.05,2026-04-01T11:13:25,2026-04-01T11:13:26,11:13:25 AM,11:13:26 AM,11:13:26 AM,2,2,0,storage/videos/processed/16b7544e/tracks/track-270.jpg,,"Representative crop suggests head region appears blue, upper clothing appears gray, lower clothing appears gray. Visibility shows light occlusion."
16b7544e,16b7544e:279,a3761086,279,136.65,136.72,136.72,2026-04-01T11:13:27,2026-04-01T11:13:27,11:13:27 AM,11:13:27 AM,11:13:27 AM,1,1,0,storage/videos/processed/16b7544e/tracks/track-279.jpg,,"Representative crop suggests head region appears gray, upper clothing appears gray, lower clothing appears gray. Visibility shows light occlusion."
16b7544e,16b7544e:286,0937b075,286,137.05,140.85,140.25,2026-04-01T11:13:28,2026-04-01T11:13:31,11:13:28 AM,11:13:31 AM,11:13:31 AM,4,4,0,storage/videos/processed/16b7544e/tracks/track-286.jpg,,"Representative crop suggests head region appears gray, upper clothing appears gray, lower clothing appears gray. Visibility shows light occlusion."
16b7544e,16b7544e:290,10e99307,290,139.05,141.98,139.12,2026-04-01T11:13:30,2026-04-01T11:13:32,11:13:30 AM,11:13:32 AM,11:13:30 AM,3,3,1,storage/videos/processed/16b7544e/tracks/track-290.jpg,,"Representative crop suggests head region appears blue, upper clothing appears blue, lower clothing appears gray. Visibility shows moderate occlusion."
16b7544e,16b7544e:292,9e3ecf2a,292,139.85,177.51,174.71,2026-04-01T11:13:30,2026-04-01T11:14:08,11:13:30 AM,11:14:08 AM,11:14:05 AM,39,35,2,storage/videos/processed/16b7544e/tracks/track-292.jpg,,"Representative crop suggests head region appears red, upper clothing appears pink, lower clothing appears gray. Visibility shows light occlusion."
16b7544e,16b7544e:301,45745041,301,141.25,141.72,141.25,2026-04-01T11:13:32,2026-04-01T11:13:32,11:13:32 AM,11:13:32 AM,11:13:32 AM,1,1,0,storage/videos/processed/16b7544e/tracks/track-301.jpg,,"Representative crop suggests head region appears gray, upper clothing appears gray, lower clothing appears gray. Visibility shows light occlusion."
16b7544e,16b7544e:310,db69cdfc,310,142.78,148.12,143.12,2026-04-01T11:13:33,2026-04-01T11:13:39,11:13:33 AM,11:13:39 AM,11:13:34 AM,7,7,0,storage/videos/processed/16b7544e/tracks/track-310.jpg,,"Representative crop suggests head region appears gray, upper clothing appears blue, lower clothing appears gray. Visibility shows light occlusion."
16b7544e,16b7544e:311,7ce62fbe,311,142.98,158.65,143.25,2026-04-01T11:13:33,2026-04-01T11:13:49,11:13:33 AM,11:13:49 AM,11:13:34 AM,16,16,0,storage/videos/processed/16b7544e/tracks/track-311.jpg,,"Representative crop suggests head region appears gray, upper clothing appears blue, lower clothing appears gray. Visibility shows light occlusion."
16b7544e,16b7544e:328,c8fa2260,328,147.25,147.32,147.25,2026-04-01T11:13:38,2026-04-01T11:13:38,11:13:38 AM,11:13:38 AM,11:13:38 AM,1,0,1,storage/videos/processed/16b7544e/tracks/track-328.jpg,,"Representative crop suggests head region appears gray, upper clothing appears gray, lower clothing appears black. Visibility shows moderate occlusion."
16b7544e,16b7544e:329,aaed47ad,329,147.45,161.52,148.45,2026-04-01T11:13:38,2026-04-01T11:13:52,11:13:38 AM,11:13:52 AM,11:13:39 AM,15,14,2,storage/videos/processed/16b7544e/tracks/track-329.jpg,,"Representative crop suggests head region appears gray, upper clothing appears blue, lower clothing appears gray. Visibility shows heavy occlusion."
16b7544e,16b7544e:330,bf01b4ad,330,147.52,173.38,148.65,2026-04-01T11:13:38,2026-04-01T11:14:04,11:13:38 AM,11:14:04 AM,11:13:39 AM,27,26,1,storage/videos/processed/16b7544e/tracks/track-330.jpg,,"Representative crop suggests head region appears gray, upper clothing appears gray, lower clothing appears gray. Visibility shows moderate occlusion."
16b7544e,16b7544e:355,56cea19a,355,150.78,152.92,151.38,2026-04-01T11:13:41,2026-04-01T11:13:43,11:13:41 AM,11:13:43 AM,11:13:42 AM,3,3,0,storage/videos/processed/16b7544e/tracks/track-355.jpg,,"Representative crop suggests head region appears gray, upper clothing appears purple, lower clothing appears gray. Visibility shows light occlusion."
16b7544e,16b7544e:357,4be56139,357,153.05,155.92,153.52,2026-04-01T11:13:44,2026-04-01T11:13:46,11:13:44 AM,11:13:46 AM,11:13:44 AM,3,3,2,storage/videos/processed/16b7544e/tracks/track-357.jpg,,"Representative crop suggests head region appears gray, upper clothing appears gray, lower clothing appears gray. Visibility shows heavy occlusion."
16b7544e,16b7544e:364,e5daf761,364,154.65,160.52,156.05,2026-04-01T11:13:45,2026-04-01T11:13:51,11:13:45 AM,11:13:51 AM,11:13:47 AM,7,5,2,storage/videos/processed/16b7544e/tracks/track-364.jpg,,"Representative crop suggests head region appears gray, upper clothing appears gray, lower clothing appears gray. Visibility shows moderate occlusion."
16b7544e,16b7544e:373,28150e42,373,156.38,156.85,156.65,2026-04-01T11:13:47,2026-04-01T11:13:47,11:13:47 AM,11:13:47 AM,11:13:47 AM,1,1,2,storage/videos/processed/16b7544e/tracks/track-373.jpg,,"Representative crop suggests head region appears gray, upper clothing appears purple, lower clothing appears blue. Visibility shows moderate occlusion."
16b7544e,16b7544e:382,0279dff9,382,157.85,158.12,157.98,2026-04-01T11:13:48,2026-04-01T11:13:49,11:13:48 AM,11:13:49 AM,11:13:48 AM,2,2,0,storage/videos/processed/16b7544e/tracks/track-382.jpg,,"Representative crop suggests head region appears gray, upper clothing appears gray, lower clothing appears blue. Visibility shows light occlusion."
16b7544e,16b7544e:389,95070229,389,160.25,160.65,160.65,2026-04-01T11:13:51,2026-04-01T11:13:51,11:13:51 AM,11:13:51 AM,11:13:51 AM,1,0,1,storage/videos/processed/16b7544e/tracks/track-389.jpg,,"Representative crop suggests head region appears gray, upper clothing appears gray, lower clothing appears gray. Visibility shows moderate occlusion."
16b7544e,16b7544e:410,e52ae459,410,161.38,168.45,161.52,2026-04-01T11:13:52,2026-04-01T11:13:59,11:13:52 AM,11:13:59 AM,11:13:52 AM,8,8,0,storage/videos/processed/16b7544e/tracks/track-410.jpg,,"Representative crop suggests head region appears gray, upper clothing appears gray, lower clothing appears gray. Visibility shows light occlusion."
16b7544e,16b7544e:411,4fec8ca8,411,161.45,162.72,162.72,2026-04-01T11:13:52,2026-04-01T11:13:53,11:13:52 AM,11:13:53 AM,11:13:53 AM,2,2,1,storage/videos/processed/16b7544e/tracks/track-411.jpg,,"Representative crop suggests head region appears gray, upper clothing appears purple, lower clothing appears pink. Visibility shows moderate occlusion."
16b7544e,16b7544e:431,2304c9fb,431,162.85,175.31,162.92,2026-04-01T11:13:53,2026-04-01T11:14:06,11:13:53 AM,11:14:06 AM,11:13:53 AM,14,14,1,storage/videos/processed/16b7544e/tracks/track-431.jpg,,"Representative crop suggests head region appears gray, upper clothing appears pink, lower clothing appears pink. Visibility shows moderate occlusion."
16b7544e,16b7544e:437,065b2a34,437,163.12,165.11,164.12,2026-04-01T11:13:54,2026-04-01T11:13:56,11:13:54 AM,11:13:56 AM,11:13:55 AM,3,3,1,storage/videos/processed/16b7544e/tracks/track-437.jpg,,"Representative crop suggests head region appears gray, upper clothing appears gray, lower clothing appears gray. Visibility shows moderate occlusion."
16b7544e,16b7544e:440,0d1a97e0,440,163.25,164.92,163.52,2026-04-01T11:13:54,2026-04-01T11:13:55,11:13:54 AM,11:13:55 AM,11:13:54 AM,2,2,2,storage/videos/processed/16b7544e/tracks/track-440.jpg,,"Representative crop suggests head region appears gray, upper clothing appears gray, lower clothing appears gray. Visibility shows moderate occlusion."
16b7544e,16b7544e:447,0c9892fc,447,164.12,165.11,164.12,2026-04-01T11:13:55,2026-04-01T11:13:56,11:13:55 AM,11:13:56 AM,11:13:55 AM,2,2,1,storage/videos/processed/16b7544e/tracks/track-447.jpg,,"Representative crop suggests head region appears gray, upper clothing appears gray, lower clothing appears pink. Visibility shows moderate occlusion."
16b7544e,16b7544e:466,1f6d96ac,466,165.98,166.58,166.05,2026-04-01T11:13:56,2026-04-01T11:13:57,11:13:56 AM,11:13:57 AM,11:13:57 AM,2,0,0,storage/videos/processed/16b7544e/tracks/track-466.jpg,,"Representative crop suggests head region appears gray, upper clothing appears blue, lower clothing appears blue. Visibility shows light occlusion."
16b7544e,16b7544e:476,adea9d33,476,168.58,170.71,168.65,2026-04-01T11:13:59,2026-04-01T11:14:01,11:13:59 AM,11:14:01 AM,11:13:59 AM,3,3,0,storage/videos/processed/16b7544e/tracks/track-476.jpg,,"Representative crop suggests head region appears gray, upper clothing appears gray, lower clothing appears gray. Visibility shows light occlusion."
16b7544e,16b7544e:479,b137f572,479,169.18,169.31,169.18,2026-04-01T11:14:00,2026-04-01T11:14:00,11:14:00 AM,11:14:00 AM,11:14:00 AM,1,1,0,storage/videos/processed/16b7544e/tracks/track-479.jpg,,"Representative crop suggests head region appears gray, upper clothing appears blue, lower clothing appears gray. Visibility shows light occlusion."
16b7544e,16b7544e:482,55ccb758,482,170.38,171.45,170.51,2026-04-01T11:14:01,2026-04-01T11:14:02,11:14:01 AM,11:14:02 AM,11:14:01 AM,2,1,0,storage/videos/processed/16b7544e/tracks/track-482.jpg,,"Representative crop suggests head region appears gray, upper clothing appears gray, lower clothing appears gray. Visibility shows light occlusion."
16b7544e,16b7544e:490,74489339,490,173.65,176.58,173.65,2026-04-01T11:14:04,2026-04-01T11:14:07,11:14:04 AM,11:14:07 AM,11:14:04 AM,4,3,0,storage/videos/processed/16b7544e/tracks/track-490.jpg,,"Representative crop suggests head region appears gray, upper clothing appears gray, lower clothing appears gray. Visibility shows light occlusion."
16b7544e,16b7544e:492,1a365eb1,492,174.98,176.78,176.71,2026-04-01T11:14:05,2026-04-01T11:14:07,11:14:05 AM,11:14:07 AM,11:14:07 AM,3,3,0,storage/videos/processed/16b7544e/tracks/track-492.jpg,,"Representative crop suggests head region appears gray, upper clothing appears gray, lower clothing appears gray. Visibility shows light occlusion."
16b7544e,16b7544e:495,2be47375,495,175.98,176.18,176.11,2026-04-01T11:14:06,2026-04-01T11:14:07,11:14:06 AM,11:14:07 AM,11:14:07 AM,2,0,0,storage/videos/processed/16b7544e/tracks/track-495.jpg,,"Representative crop suggests head region appears gray, upper clothing appears gray, lower clothing appears gray. Visibility shows light occlusion."
16b7544e,16b7544e:497,e6ce2205,497,176.85,177.31,177.11,2026-04-01T11:14:07,2026-04-01T11:14:08,11:14:07 AM,11:14:08 AM,11:14:08 AM,2,1,0,storage/videos/processed/16b7544e/tracks/track-497.jpg,,"Representative crop suggests head region appears gray, upper clothing appears gray, lower clothing appears gray. Visibility shows light occlusion."
16b7544e,16b7544e:502,83e17ded,502,177.51,177.51,177.51,2026-04-01T11:14:08,2026-04-01T11:14:08,11:14:08 AM,11:14:08 AM,11:14:08 AM,1,0,2,storage/videos/processed/16b7544e/tracks/track-502.jpg,,"Representative crop suggests head region appears gray, upper clothing appears gray, lower clothing appears black. Visibility shows heavy occlusion."
16b7544e,16b7544e:523,fbf8f919,523,183.98,184.85,183.98,2026-04-01T11:14:14,2026-04-01T11:14:15,11:14:14 AM,11:14:15 AM,11:14:14 AM,2,0,0,storage/videos/processed/16b7544e/tracks/track-523.jpg,,"Representative crop suggests head region appears gray, upper clothing appears gray, lower clothing appears gray. Visibility shows light occlusion."
16b7544e,16b7544e:540,13c567f1,540,203.91,207.71,207.58,2026-04-01T11:14:34,2026-04-01T11:14:38,11:14:34 AM,11:14:38 AM,11:14:38 AM,5,5,0,storage/videos/processed/16b7544e/tracks/track-540.jpg,,"Representative crop suggests head region appears gray, upper clothing appears gray, lower clothing appears gray. Visibility shows light occlusion."
16b7544e,16b7544e:546,7939d288,546,207.24,208.18,207.31,2026-04-01T11:14:38,2026-04-01T11:14:39,11:14:38 AM,11:14:39 AM,11:14:38 AM,2,1,0,storage/videos/processed/16b7544e/tracks/track-546.jpg,,"Representative crop suggests head region appears gray, upper clothing appears gray, lower clothing appears gray. Visibility shows light occlusion."
16b7544e,16b7544e:548,89165f7d,548,207.44,221.98,208.38,2026-04-01T11:14:38,2026-04-01T11:14:52,11:14:38 AM,11:14:52 AM,11:14:39 AM,15,14,1,storage/videos/processed/16b7544e/tracks/track-548.jpg,,"Representative crop suggests head region appears gray, upper clothing appears gray, lower clothing appears blue. Visibility shows moderate occlusion."
16b7544e,16b7544e:549,ff85abfd,549,207.51,211.11,210.38,2026-04-01T11:14:38,2026-04-01T11:14:42,11:14:38 AM,11:14:42 AM,11:14:41 AM,5,1,2,storage/videos/processed/16b7544e/tracks/track-549.jpg,,"Representative crop suggests head region appears gray, upper clothing appears blue, lower clothing appears gray. Visibility shows moderate occlusion."
16b7544e,16b7544e:557,ad876905,557,209.78,211.64,211.58,2026-04-01T11:14:40,2026-04-01T11:14:42,11:14:40 AM,11:14:42 AM,11:14:42 AM,3,1,2,storage/videos/processed/16b7544e/tracks/track-557.jpg,,"Representative crop suggests head region appears gray, upper clothing appears gray, lower clothing appears gray. Visibility shows moderate occlusion."
16b7544e,16b7544e:560,c5c730f5,560,210.44,210.44,210.44,2026-04-01T11:14:41,2026-04-01T11:14:41,11:14:41 AM,11:14:41 AM,11:14:41 AM,1,0,1,storage/videos/processed/16b7544e/tracks/track-560.jpg,,"Representative crop suggests head region appears gray, upper clothing appears blue, lower clothing appears gray. Visibility shows moderate occlusion."
16b7544e,16b7544e:563,169bc8b0,563,210.84,210.84,210.84,2026-04-01T11:14:41,2026-04-01T11:14:41,11:14:41 AM,11:14:41 AM,11:14:41 AM,1,1,0,storage/videos/processed/16b7544e/tracks/track-563.jpg,,"Representative crop suggests head region appears gray, upper clothing appears gray, lower clothing appears gray. Visibility shows light occlusion."
16b7544e,16b7544e:576,f096c509,576,221.98,221.98,221.98,2026-04-01T11:14:52,2026-04-01T11:14:52,11:14:52 AM,11:14:52 AM,11:14:52 AM,1,1,1,storage/videos/processed/16b7544e/tracks/track-576.jpg,,"Representative crop suggests head region appears gray, upper clothing appears gray, lower clothing appears gray. Visibility shows moderate occlusion."
16b7544e,16b7544e:596,e8ac5fb3,596,236.91,243.84,243.84,2026-04-01T11:15:07,2026-04-01T11:15:14,11:15:07 AM,11:15:14 AM,11:15:14 AM,8,2,0,storage/videos/processed/16b7544e/tracks/track-596.jpg,,"Representative crop suggests head region appears gray, upper clothing appears gray, lower clothing appears gray. Visibility shows light occlusion."
16b7544e,16b7544e:606,a321e100,606,250.31,270.1,250.97,2026-04-01T11:15:21,2026-04-01T11:15:41,11:15:21 AM,11:15:41 AM,11:15:21 AM,21,21,1,storage/videos/processed/16b7544e/tracks/track-606.jpg,,"Representative crop suggests head region appears gray, upper clothing appears gray, lower clothing appears gray. Visibility shows moderate occlusion."
16b7544e,16b7544e:607,963a17e9,607,250.51,250.51,250.51,2026-04-01T11:15:21,2026-04-01T11:15:21,11:15:21 AM,11:15:21 AM,11:15:21 AM,1,1,0,storage/videos/processed/16b7544e/tracks/track-607.jpg,,"Representative crop suggests head region appears gray, upper clothing appears purple, lower clothing appears gray. Visibility shows light occlusion."
16b7544e,16b7544e:615,5e55c721,615,269.9,270.77,270.04,2026-04-01T11:15:40,2026-04-01T11:15:41,11:15:40 AM,11:15:41 AM,11:15:41 AM,2,2,0,storage/videos/processed/16b7544e/tracks/track-615.jpg,,"Representative crop suggests head region appears gray, upper clothing appears purple, lower clothing appears gray. Visibility shows light occlusion."
16b7544e,16b7544e:617,2b5ec15d,617,270.64,299.9,271.97,2026-04-01T11:15:41,2026-04-01T11:16:10,11:15:41 AM,11:16:10 AM,11:15:42 AM,30,28,1,storage/videos/processed/16b7544e/tracks/track-617.jpg,,"Representative crop suggests head region appears gray, upper clothing appears black, lower clothing appears gray. Visibility shows moderate occlusion."
16b7544e,16b7544e:619,24f729bf,619,271.1,271.1,271.1,2026-04-01T11:15:42,2026-04-01T11:15:42,11:15:42 AM,11:15:42 AM,11:15:42 AM,1,0,1,storage/videos/processed/16b7544e/tracks/track-619.jpg,,"Representative crop suggests head region appears gray, upper clothing appears gray, lower clothing appears blue. Visibility shows moderate occlusion."
16b7544e,16b7544e:624,ca0f7ba5,624,278.77,280.84,278.9,2026-04-01T11:15:49,2026-04-01T11:15:51,11:15:49 AM,11:15:51 AM,11:15:49 AM,3,1,0,storage/videos/processed/16b7544e/tracks/track-624.jpg,,"Representative crop suggests head region appears gray, upper clothing appears gray, lower clothing appears gray. Visibility shows light occlusion."
16b7544e,16b7544e:625,2902d958,625,284.1,284.3,284.1,2026-04-01T11:15:55,2026-04-01T11:15:55,11:15:55 AM,11:15:55 AM,11:15:55 AM,1,1,0,storage/videos/processed/16b7544e/tracks/track-625.jpg,,"Representative crop suggests head region appears gray, upper clothing appears blue, lower clothing appears blue. Visibility shows light occlusion."
16b7544e,16b7544e:626,86e7aab6,626,284.3,284.37,284.37,2026-04-01T11:15:55,2026-04-01T11:15:55,11:15:55 AM,11:15:55 AM,11:15:55 AM,1,1,0,storage/videos/processed/16b7544e/tracks/track-626.jpg,,"Representative crop suggests head region appears blue, upper clothing appears blue, lower clothing appears gray. Visibility shows light occlusion."
16b7544e,16b7544e:629,988de1a6,629,287.1,289.83,287.1,2026-04-01T11:15:58,2026-04-01T11:16:00,11:15:58 AM,11:16:00 AM,11:15:58 AM,3,3,0,storage/videos/processed/16b7544e/tracks/track-629.jpg,,"Representative crop suggests head region appears gray, upper clothing appears gray, lower clothing appears gray. Visibility shows light occlusion."
16b7544e,16b7544e:630,afe18940,630,288.1,293.03,290.3,2026-04-01T11:15:59,2026-04-01T11:16:04,11:15:59 AM,11:16:04 AM,11:16:01 AM,6,4,2,storage/videos/processed/16b7544e/tracks/track-630.jpg,,"Representative crop suggests head region appears gray, upper clothing appears gray, lower clothing appears gray. Visibility shows heavy occlusion."
16b7544e,16b7544e:632,7a8e1069,632,288.17,288.37,288.17,2026-04-01T11:15:59,2026-04-01T11:15:59,11:15:59 AM,11:15:59 AM,11:15:59 AM,1,0,1,storage/videos/processed/16b7544e/tracks/track-632.jpg,,"Representative crop suggests head region appears gray, upper clothing appears gray, lower clothing appears gray. Visibility shows moderate occlusion."
16b7544e,16b7544e:633,a1cd5e66,633,288.9,289.37,289.1,2026-04-01T11:15:59,2026-04-01T11:16:00,11:15:59 AM,11:16:00 AM,11:16:00 AM,2,2,2,storage/videos/processed/16b7544e/tracks/track-633.jpg,,"Representative crop suggests head region appears gray, upper clothing appears gray, lower clothing appears gray. Visibility shows heavy occlusion."
16b7544e,16b7544e:643,0fe49ca4,643,291.7,292.37,291.9,2026-04-01T11:16:02,2026-04-01T11:16:03,11:16:02 AM,11:16:03 AM,11:16:02 AM,2,2,2,storage/videos/processed/16b7544e/tracks/track-643.jpg,,"Representative crop suggests head region appears gray, upper clothing appears gray, lower clothing appears gray. Visibility shows moderate occlusion."
16b7544e,16b7544e:654,668bcd7d,654,295.5,299.9,299.83,2026-04-01T11:16:06,2026-04-01T11:16:10,11:16:06 AM,11:16:10 AM,11:16:10 AM,5,5,0,storage/videos/processed/16b7544e/tracks/track-654.jpg,,"Representative crop suggests head region appears gray, upper clothing appears gray, lower clothing appears gray. Visibility shows light occlusion."
16b7544e,16b7544e:658,729bb0f4,658,295.7,299.9,299.7,2026-04-01T11:16:06,2026-04-01T11:16:10,11:16:06 AM,11:16:10 AM,11:16:10 AM,5,5,0,storage/videos/processed/16b7544e/tracks/track-658.jpg,,"Representative crop suggests head region appears gray, upper clothing appears blue, lower clothing appears gray. Visibility shows light occlusion."
