videoId,offsetSeconds,videoTime,observedAt,clockTime,visiblePedestrians,detectedNow,cumulativeUniquePedestrians,totalPedestriansSoFar,lightOcclusionCount,moderateOcclusionCount,heavyOcclusionCount,occlusionValue,ptsiScore,los,losDescription,severity,mode,walkableAreaM2,roiAreaRatio,capacityProxy,congestionScore,spacePerPedestrianM2
4003efd0,0,00:00:00,2026-04-01T10:10:10,10:10:10,6,6,6,6,6,0,0,0.3333,40.53,C,"adequate space, noticeable interaction but manageable flow",moderate,roi-testing,,0.357748,14.355,0.418,
4003efd0,1,00:00:01,2026-04-01T10:10:11,10:10:11,4,4,6,6,4,0,0,0.3333,28.69,B,"high pedestrian space, comfortable movement",light,roi-testing,,0.357748,14.355,0.2787,
4003efd0,2,00:00:02,2026-04-01T10:10:12,10:10:12,4,4,6,6,4,0,0,0.3333,28.69,B,"high pedestrian space, comfortable movement",light,roi-testing,,0.357748,14.355,0.2787,
4003efd0,3,00:00:03,2026-04-01T10:10:13,10:10:13,4,4,6,6,4,0,0,0.3333,28.69,B,"high pedestrian space, comfortable movement",light,roi-testing,,0.357748,14.355,0.2787,
4003efd0,4,00:00:04,2026-04-01T10:10:14,10:10:14,4,4,6,6,4,0,0,0.3333,28.69,B,"high pedestrian space, comfortable movement",light,roi-testing,,0.357748,14.355,0.2787,
4003efd0,5,00:00:05,2026-04-01T10:10:15,10:10:15,5,5,7,7,5,0,0,0.3333,34.61,C,"adequate space, noticeable interaction but manageable flow",moderate,roi-testing,,0.357748,14.355,0.3483,
4003efd0,6,00:00:06,2026-04-01T10:10:16,10:10:16,5,5,8,8,5,0,0,0.3333,34.61,C,"adequate space, noticeable interaction but manageable flow",moderate,roi-testing,,0.357748,14.355,0.3483,
4003efd0,7,00:00:07,2026-04-01T10:10:17,10:10:17,4,4,8,8,4,0,0,0.3333,28.69,B,"high pedestrian space, comfortable movement",light,roi-testing,,0.357748,14.355,0.2787,
4003efd0,8,00:00:08,2026-04-01T10:10:18,10:10:18,5,5,9,9,5,0,0,0.3333,34.61,C,"adequate space, noticeable interaction but manageable flow",moderate,roi-testing,,0.357748,14.355,0.3483,
4003efd0,9,00:00:09,2026-04-01T10:10:19,10:10:19,5,5,11,11,5,0,0,0.3333,34.61,C,"adequate space, noticeable interaction but manageable flow",moderate,roi-testing,,0.357748,14.355,0.3483,
4003efd0,10,00:00:10,2026-04-01T10:10:20,10:10:20,6,6,13,13,6,0,0,0.3333,40.53,C,"adequate space, noticeable interaction but manageable flow",moderate,roi-testing,,0.357748,14.355,0.418,
4003efd0,11,00:00:11,2026-04-01T10:10:21,10:10:21,4,4,13,13,4,0,0,0.3333,28.69,B,"high pedestrian space, comfortable movement",light,roi-testing,,0.357748,14.355,0.2787,
4003efd0,12,00:00:12,2026-04-01T10:10:22,10:10:22,4,4,13,13,3,0,1,0.5,31.19,B,"high pedestrian space, comfortable movement",light,roi-testing,,0.357748,14.355,0.2787,
4003efd0,13,00:00:13,2026-04-01T10:10:23,10:10:23,3,3,14,14,2,1,0,0.4444,24.43,B,"high pedestrian space, comfortable movement",light,roi-testing,,0.357748,14.355,0.209,
4003efd0,14,00:00:14,2026-04-01T10:10:24,10:10:24,3,3,15,15,3,0,0,0.3333,22.76,B,"high pedestrian space, comfortable movement",light,roi-testing,,0.357748,14.355,0.209,
4003efd0,15,00:00:15,2026-04-01T10:10:25,10:10:25,3,3,15,15,3,0,0,0.3333,22.76,B,"high pedestrian space, comfortable movement",light,roi-testing,,0.357748,14.355,0.209,
4003efd0,16,00:00:16,2026-04-01T10:10:26,10:10:26,3,3,16,16,3,0,0,0.3333,22.76,B,"high pedestrian space, comfortable movement",light,roi-testing,,0.357748,14.355,0.209,
4003efd0,17,00:00:17,2026-04-01T10:10:27,10:10:27,5,5,17,17,5,0,0,0.3333,34.61,C,"adequate space, noticeable interaction but manageable flow",moderate,roi-testing,,0.357748,14.355,0.3483,
4003efd0,18,00:00:18,2026-04-01T10:10:28,10:10:28,5,5,17,17,5,0,0,0.3333,34.61,C,"adequate space, noticeable interaction but manageable flow",moderate,roi-testing,,0.357748,14.355,0.3483,
4003efd0,19,00:00:19,2026-04-01T10:10:29,10:10:29,6,6,18,18,4,2,0,0.4444,42.19,C,"adequate space, noticeable interaction but manageable flow",moderate,roi-testing,,0.357748,14.355,0.418,
4003efd0,20,00:00:20,2026-04-01T10:10:30,10:10:30,4,4,18,18,4,0,0,0.3333,28.69,B,"high pedestrian space, comfortable movement",light,roi-testing,,0.357748,14.355,0.2787,
4003efd0,21,00:00:21,2026-04-01T10:10:31,10:10:31,4,4,18,18,4,0,0,0.3333,28.69,B,"high pedestrian space, comfortable movement",light,roi-testing,,0.357748,14.355,0.2787,
4003efd0,22,00:00:22,2026-04-01T10:10:32,10:10:32,2,2,18,18,2,0,0,0.3333,16.84,B,"high pedestrian space, comfortable movement",light,roi-testing,,0.357748,14.355,0.1393,
4003efd0,23,00:00:23,2026-04-01T10:10:33,10:10:33,3,3,18,18,3,0,0,0.3333,22.76,B,"high pedestrian space, comfortable movement",light,roi-testing,,0.357748,14.355,0.209,
4003efd0,24,00:00:24,2026-04-01T10:10:34,10:10:34,2,2,18,18,2,0,0,0.3333,16.84,B,"high pedestrian space, comfortable movement",light,roi-testing,,0.357748,14.355,0.1393,
4003efd0,25,00:00:25,2026-04-01T10:10:35,10:10:35,3,3,18,18,3,0,0,0.3333,22.76,B,"high pedestrian space, comfortable movement",light,roi-testing,,0.357748,14.355,0.209,
4003efd0,26,00:00:26,2026-04-01T10:10:36,10:10:36,3,3,18,18,3,0,0,0.3333,22.76,B,"high pedestrian space, comfortable movement",light,roi-testing,,0.357748,14.355,0.209,
4003efd0,27,00:00:27,2026-04-01T10:10:37,10:10:37,3,3,18,18,3,0,0,0.3333,22.76,B,"high pedestrian space, comfortable movement",light,roi-testing,,0.357748,14.355,0.209,
4003efd0,28,00:00:28,2026-04-01T10:10:38,10:10:38,2,2,18,18,2,0,0,0.3333,16.84,B,"high pedestrian space, comfortable movement",light,roi-testing,,0.357748,14.355,0.1393,
4003efd0,29,00:00:29,2026-04-01T10:10:39,10:10:39,3,3,19,19,2,1,0,0.4444,24.43,B,"high pedestrian space, comfortable movement",light,roi-testing,,0.357748,14.355,0.209,
4003efd0,30,00:00:30,2026-04-01T10:10:40,10:10:40,3,3,20,20,3,0,0,0.3333,22.76,B,"high pedestrian space, comfortable movement",light,roi-testing,,0.357748,14.355,0.209,
4003efd0,31,00:00:31,2026-04-01T10:10:41,10:10:41,2,2,21,21,2,0,0,0.3333,16.84,B,"high pedestrian space, comfortable movement",light,roi-testing,,0.357748,14.355,0.1393,
4003efd0,32,00:00:32,2026-04-01T10:10:42,10:10:42,2,2,21,21,2,0,0,0.3333,16.84,B,"high pedestrian space, comfortable movement",light,roi-testing,,0.357748,14.355,0.1393,
4003efd0,33,00:00:33,2026-04-01T10:10:43,10:10:43,1,1,21,21,1,0,0,0.3333,10.92,A,"very high pedestrian space, free movement",light,roi-testing,,0.357748,14.355,0.0697,
4003efd0,34,00:00:34,2026-04-01T10:10:44,10:10:44,2,2,22,22,2,0,0,0.3333,16.84,B,"high pedestrian space, comfortable movement",light,roi-testing,,0.357748,14.355,0.1393,
4003efd0,35,00:00:35,2026-04-01T10:10:45,10:10:45,2,2,22,22,2,0,0,0.3333,16.84,B,"high pedestrian space, comfortable movement",light,roi-testing,,0.357748,14.355,0.1393,
4003efd0,36,00:00:36,2026-04-01T10:10:46,10:10:46,2,2,22,22,2,0,0,0.3333,16.84,B,"high pedestrian space, comfortable movement",light,roi-testing,,0.357748,14.355,0.1393,
4003efd0,37,00:00:37,2026-04-01T10:10:47,10:10:47,2,2,22,22,2,0,0,0.3333,16.84,B,"high pedestrian space, comfortable movement",light,roi-testing,,0.357748,14.355,0.1393,
4003efd0,38,00:00:38,2026-04-01T10:10:48,10:10:48,1,1,22,22,1,0,0,0.3333,10.92,A,"very high pedestrian space, free movement",light,roi-testing,,0.357748,14.355,0.0697,
4003efd0,39,00:00:39,2026-04-01T10:10:49,10:10:49,2,2,23,23,2,0,0,0.3333,16.84,B,"high pedestrian space, comfortable movement",light,roi-testing,,0.357748,14.355,0.1393,
4003efd0,40,00:00:40,2026-04-01T10:10:50,10:10:50,1,1,23,23,1,0,0,0.3333,10.92,A,"very high pedestrian space, free movement",light,roi-testing,,0.357748,14.355,0.0697,
4003efd0,41,00:00:41,2026-04-01T10:10:51,10:10:51,1,1,23,23,1,0,0,0.3333,10.92,A,"very high pedestrian space, free movement",light,roi-testing,,0.357748,14.355,0.0697,
4003efd0,42,00:00:42,2026-04-01T10:10:52,10:10:52,1,1,23,23,1,0,0,0.3333,10.92,A,"very high pedestrian space, free movement",light,roi-testing,,0.357748,14.355,0.0697,
4003efd0,43,00:00:43,2026-04-01T10:10:53,10:10:53,1,1,23,23,1,0,0,0.3333,10.92,A,"very high pedestrian space, free movement",light,roi-testing,,0.357748,14.355,0.0697,
4003efd0,44,00:00:44,2026-04-01T10:10:54,10:10:54,1,1,23,23,1,0,0,0.3333,10.92,A,"very high pedestrian space, free movement",light,roi-testing,,0.357748,14.355,0.0697,
4003efd0,45,00:00:45,2026-04-01T10:10:55,10:10:55,1,1,23,23,1,0,0,0.3333,10.92,A,"very high pedestrian space, free movement",light,roi-testing,,0.357748,14.355,0.0697,
4003efd0,46,00:00:46,2026-04-01T10:10:56,10:10:56,2,2,24,24,2,0,0,0.3333,16.84,B,"high pedestrian space, comfortable movement",light,roi-testing,,0.357748,14.355,0.1393,
4003efd0,47,00:00:47,2026-04-01T10:10:57,10:10:57,1,1,24,24,1,0,0,0.3333,10.92,A,"very high pedestrian space, free movement",light,roi-testing,,0.357748,14.355,0.0697,
4003efd0,48,00:00:48,2026-04-01T10:10:58,10:10:58,1,1,24,24,1,0,0,0.3333,10.92,A,"very high pedestrian space, free movement",light,roi-testing,,0.357748,14.355,0.0697,
4003efd0,49,00:00:49,2026-04-01T10:10:59,10:10:59,1,1,24,24,1,0,0,0.3333,10.92,A,"very high pedestrian space, free movement",light,roi-testing,,0.357748,14.355,0.0697,
4003efd0,50,00:00:50,2026-04-01T10:11:00,10:11:00,1,1,24,24,1,0,0,0.3333,10.92,A,"very high pedestrian space, free movement",light,roi-testing,,0.357748,14.355,0.0697,
4003efd0,51,00:00:51,2026-04-01T10:11:01,10:11:01,2,2,25,25,1,0,1,0.6667,21.84,B,"high pedestrian space, comfortable movement",light,roi-testing,,0.357748,14.355,0.1393,
4003efd0,52,00:00:52,2026-04-01T10:11:02,10:11:02,2,2,25,25,1,1,0,0.5,19.34,B,"high pedestrian space, comfortable movement",light,roi-testing,,0.357748,14.355,0.1393,
4003efd0,53,00:00:53,2026-04-01T10:11:03,10:11:03,2,2,25,25,2,0,0,0.3333,16.84,B,"high pedestrian space, comfortable movement",light,roi-testing,,0.357748,14.355,0.1393,
4003efd0,54,00:00:54,2026-04-01T10:11:04,10:11:04,2,2,25,25,2,0,0,0.3333,16.84,B,"high pedestrian space, comfortable movement",light,roi-testing,,0.357748,14.355,0.1393,
4003efd0,55,00:00:55,2026-04-01T10:11:05,10:11:05,3,3,26,26,3,0,0,0.3333,22.76,B,"high pedestrian space, comfortable movement",light,roi-testing,,0.357748,14.355,0.209,
4003efd0,56,00:00:56,2026-04-01T10:11:06,10:11:06,3,3,26,26,3,0,0,0.3333,22.76,B,"high pedestrian space, comfortable movement",light,roi-testing,,0.357748,14.355,0.209,
4003efd0,57,00:00:57,2026-04-01T10:11:07,10:11:07,1,1,26,26,1,0,0,0.3333,10.92,A,"very high pedestrian space, free movement",light,roi-testing,,0.357748,14.355,0.0697,
4003efd0,58,00:00:58,2026-04-01T10:11:08,10:11:08,1,1,26,26,1,0,0,0.3333,10.92,A,"very high pedestrian space, free movement",light,roi-testing,,0.357748,14.355,0.0697,
4003efd0,59,00:00:59,2026-04-01T10:11:09,10:11:09,1,1,26,26,1,0,0,0.3333,10.92,A,"very high pedestrian space, free movement",light,roi-testing,,0.357748,14.355,0.0697,
4003efd0,60,00:01:00,2026-04-01T10:11:10,10:11:10,2,2,27,27,2,0,0,0.3333,16.84,B,"high pedestrian space, comfortable movement",light,roi-testing,,0.357748,14.355,0.1393,
4003efd0,61,00:01:01,2026-04-01T10:11:11,10:11:11,2,2,28,28,2,0,0,0.3333,16.84,B,"high pedestrian space, comfortable movement",light,roi-testing,,0.357748,14.355,0.1393,
4003efd0,62,00:01:02,2026-04-01T10:11:12,10:11:12,2,2,28,28,2,0,0,0.3333,16.84,B,"high pedestrian space, comfortable movement",light,roi-testing,,0.357748,14.355,0.1393,
4003efd0,63,00:01:03,2026-04-01T10:11:13,10:11:13,3,3,29,29,2,1,0,0.4444,24.43,B,"high pedestrian space, comfortable movement",light,roi-testing,,0.357748,14.355,0.209,
4003efd0,64,00:01:04,2026-04-01T10:11:14,10:11:14,2,2,29,29,2,0,0,0.3333,16.84,B,"high pedestrian space, comfortable movement",light,roi-testing,,0.357748,14.355,0.1393,
4003efd0,65,00:01:05,2026-04-01T10:11:15,10:11:15,2,2,29,29,2,0,0,0.3333,16.84,B,"high pedestrian space, comfortable movement",light,roi-testing,,0.357748,14.355,0.1393,
4003efd0,66,00:01:06,2026-04-01T10:11:16,10:11:16,2,2,29,29,2,0,0,0.3333,16.84,B,"high pedestrian space, comfortable movement",light,roi-testing,,0.357748,14.355,0.1393,
4003efd0,67,00:01:07,2026-04-01T10:11:17,10:11:17,4,4,31,31,2,2,0,0.5,31.19,B,"high pedestrian space, comfortable movement",light,roi-testing,,0.357748,14.355,0.2787,
4003efd0,68,00:01:08,2026-04-01T10:11:18,10:11:18,4,4,32,32,4,0,0,0.3333,28.69,B,"high pedestrian space, comfortable movement",light,roi-testing,,0.357748,14.355,0.2787,
4003efd0,69,00:01:09,2026-04-01T10:11:19,10:11:19,4,4,33,33,4,0,0,0.3333,28.69,B,"high pedestrian space, comfortable movement",light,roi-testing,,0.357748,14.355,0.2787,
4003efd0,70,00:01:10,2026-04-01T10:11:20,10:11:20,1,1,33,33,1,0,0,0.3333,10.92,A,"very high pedestrian space, free movement",light,roi-testing,,0.357748,14.355,0.0697,
4003efd0,71,00:01:11,2026-04-01T10:11:21,10:11:21,1,1,33,33,1,0,0,0.3333,10.92,A,"very high pedestrian space, free movement",light,roi-testing,,0.357748,14.355,0.0697,
4003efd0,72,00:01:12,2026-04-01T10:11:22,10:11:22,1,1,33,33,1,0,0,0.3333,10.92,A,"very high pedestrian space, free movement",light,roi-testing,,0.357748,14.355,0.0697,
4003efd0,73,00:01:13,2026-04-01T10:11:23,10:11:23,1,1,33,33,1,0,0,0.3333,10.92,A,"very high pedestrian space, free movement",light,roi-testing,,0.357748,14.355,0.0697,
4003efd0,74,00:01:14,2026-04-01T10:11:24,10:11:24,1,1,33,33,1,0,0,0.3333,10.92,A,"very high pedestrian space, free movement",light,roi-testing,,0.357748,14.355,0.0697,
4003efd0,75,00:01:15,2026-04-01T10:11:25,10:11:25,1,1,33,33,1,0,0,0.3333,10.92,A,"very high pedestrian space, free movement",light,roi-testing,,0.357748,14.355,0.0697,
4003efd0,76,00:01:16,2026-04-01T10:11:26,10:11:26,1,1,33,33,1,0,0,0.3333,10.92,A,"very high pedestrian space, free movement",light,roi-testing,,0.357748,14.355,0.0697,
4003efd0,77,00:01:17,2026-04-01T10:11:27,10:11:27,1,1,33,33,1,0,0,0.3333,10.92,A,"very high pedestrian space, free movement",light,roi-testing,,0.357748,14.355,0.0697,
4003efd0,78,00:01:18,2026-04-01T10:11:28,10:11:28,1,1,33,33,1,0,0,0.3333,10.92,A,"very high pedestrian space, free movement",light,roi-testing,,0.357748,14.355,0.0697,
4003efd0,79,00:01:19,2026-04-01T10:11:29,10:11:29,1,1,33,33,1,0,0,0.3333,10.92,A,"very high pedestrian space, free movement",light,roi-testing,,0.357748,14.355,0.0697,
4003efd0,80,00:01:20,2026-04-01T10:11:30,10:11:30,1,1,33,33,1,0,0,0.3333,10.92,A,"very high pedestrian space, free movement",light,roi-testing,,0.357748,14.355,0.0697,
4003efd0,81,00:01:21,2026-04-01T10:11:31,10:11:31,1,1,33,33,1,0,0,0.3333,10.92,A,"very high pedestrian space, free movement",light,roi-testing,,0.357748,14.355,0.0697,
4003efd0,82,00:01:22,2026-04-01T10:11:32,10:11:32,1,1,33,33,1,0,0,0.3333,10.92,A,"very high pedestrian space, free movement",light,roi-testing,,0.357748,14.355,0.0697,
4003efd0,83,00:01:23,2026-04-01T10:11:33,10:11:33,1,1,33,33,1,0,0,0.3333,10.92,A,"very high pedestrian space, free movement",light,roi-testing,,0.357748,14.355,0.0697,
4003efd0,84,00:01:24,2026-04-01T10:11:34,10:11:34,3,3,35,35,3,0,0,0.3333,22.76,B,"high pedestrian space, comfortable movement",light,roi-testing,,0.357748,14.355,0.209,
4003efd0,85,00:01:25,2026-04-01T10:11:35,10:11:35,3,3,35,35,3,0,0,0.3333,22.76,B,"high pedestrian space, comfortable movement",light,roi-testing,,0.357748,14.355,0.209,
4003efd0,86,00:01:26,2026-04-01T10:11:36,10:11:36,3,3,35,35,3,0,0,0.3333,22.76,B,"high pedestrian space, comfortable movement",light,roi-testing,,0.357748,14.355,0.209,
4003efd0,87,00:01:27,2026-04-01T10:11:37,10:11:37,3,3,35,35,3,0,0,0.3333,22.76,B,"high pedestrian space, comfortable movement",light,roi-testing,,0.357748,14.355,0.209,
4003efd0,88,00:01:28,2026-04-01T10:11:38,10:11:38,3,3,35,35,3,0,0,0.3333,22.76,B,"high pedestrian space, comfortable movement",light,roi-testing,,0.357748,14.355,0.209,
4003efd0,89,00:01:29,2026-04-01T10:11:39,10:11:39,3,3,35,35,3,0,0,0.3333,22.76,B,"high pedestrian space, comfortable movement",light,roi-testing,,0.357748,14.355,0.209,
4003efd0,90,00:01:30,2026-04-01T10:11:40,10:11:40,3,3,35,35,3,0,0,0.3333,22.76,B,"high pedestrian space, comfortable movement",light,roi-testing,,0.357748,14.355,0.209,
4003efd0,91,00:01:31,2026-04-01T10:11:41,10:11:41,3,3,36,36,3,0,0,0.3333,22.76,B,"high pedestrian space, comfortable movement",light,roi-testing,,0.357748,14.355,0.209,
4003efd0,92,00:01:32,2026-04-01T10:11:42,10:11:42,3,3,36,36,3,0,0,0.3333,22.76,B,"high pedestrian space, comfortable movement",light,roi-testing,,0.357748,14.355,0.209,
4003efd0,93,00:01:33,2026-04-01T10:11:43,10:11:43,3,3,36,36,3,0,0,0.3333,22.76,B,"high pedestrian space, comfortable movement",light,roi-testing,,0.357748,14.355,0.209,
4003efd0,94,00:01:34,2026-04-01T10:11:44,10:11:44,3,3,36,36,3,0,0,0.3333,22.76,B,"high pedestrian space, comfortable movement",light,roi-testing,,0.357748,14.355,0.209,
4003efd0,95,00:01:35,2026-04-01T10:11:45,10:11:45,3,3,36,36,3,0,0,0.3333,22.76,B,"high pedestrian space, comfortable movement",light,roi-testing,,0.357748,14.355,0.209,
4003efd0,96,00:01:36,2026-04-01T10:11:46,10:11:46,3,3,36,36,3,0,0,0.3333,22.76,B,"high pedestrian space, comfortable movement",light,roi-testing,,0.357748,14.355,0.209,
4003efd0,97,00:01:37,2026-04-01T10:11:47,10:11:47,5,5,38,38,3,2,0,0.4667,36.61,C,"adequate space, noticeable interaction but manageable flow",moderate,roi-testing,,0.357748,14.355,0.3483,
4003efd0,98,00:01:38,2026-04-01T10:11:48,10:11:48,4,4,39,39,4,0,0,0.3333,28.69,B,"high pedestrian space, comfortable movement",light,roi-testing,,0.357748,14.355,0.2787,
4003efd0,99,00:01:39,2026-04-01T10:11:49,10:11:49,5,5,40,40,5,0,0,0.3333,34.61,C,"adequate space, noticeable interaction but manageable flow",moderate,roi-testing,,0.357748,14.355,0.3483,
4003efd0,100,00:01:40,2026-04-01T10:11:50,10:11:50,4,4,40,40,4,0,0,0.3333,28.69,B,"high pedestrian space, comfortable movement",light,roi-testing,,0.357748,14.355,0.2787,
4003efd0,101,00:01:41,2026-04-01T10:11:51,10:11:51,5,5,42,42,3,2,0,0.4667,36.61,C,"adequate space, noticeable interaction but manageable flow",moderate,roi-testing,,0.357748,14.355,0.3483,
4003efd0,102,00:01:42,2026-04-01T10:11:52,10:11:52,3,3,42,42,3,0,0,0.3333,22.76,B,"high pedestrian space, comfortable movement",light,roi-testing,,0.357748,14.355,0.209,
4003efd0,103,00:01:43,2026-04-01T10:11:53,10:11:53,3,3,42,42,3,0,0,0.3333,22.76,B,"high pedestrian space, comfortable movement",light,roi-testing,,0.357748,14.355,0.209,
4003efd0,104,00:01:44,2026-04-01T10:11:54,10:11:54,3,3,42,42,3,0,0,0.3333,22.76,B,"high pedestrian space, comfortable movement",light,roi-testing,,0.357748,14.355,0.209,
4003efd0,105,00:01:45,2026-04-01T10:11:55,10:11:55,3,3,42,42,3,0,0,0.3333,22.76,B,"high pedestrian space, comfortable movement",light,roi-testing,,0.357748,14.355,0.209,
4003efd0,106,00:01:46,2026-04-01T10:11:56,10:11:56,3,3,42,42,3,0,0,0.3333,22.76,B,"high pedestrian space, comfortable movement",light,roi-testing,,0.357748,14.355,0.209,
4003efd0,107,00:01:47,2026-04-01T10:11:57,10:11:57,3,3,42,42,2,1,0,0.4444,24.43,B,"high pedestrian space, comfortable movement",light,roi-testing,,0.357748,14.355,0.209,
4003efd0,108,00:01:48,2026-04-01T10:11:58,10:11:58,3,3,42,42,2,1,0,0.4444,24.43,B,"high pedestrian space, comfortable movement",light,roi-testing,,0.357748,14.355,0.209,
4003efd0,109,00:01:49,2026-04-01T10:11:59,10:11:59,2,2,42,42,2,0,0,0.3333,16.84,B,"high pedestrian space, comfortable movement",light,roi-testing,,0.357748,14.355,0.1393,
4003efd0,110,00:01:50,2026-04-01T10:12:00,10:12:00,4,4,44,44,4,0,0,0.3333,28.69,B,"high pedestrian space, comfortable movement",light,roi-testing,,0.357748,14.355,0.2787,
4003efd0,111,00:01:51,2026-04-01T10:12:01,10:12:01,3,3,44,44,3,0,0,0.3333,22.76,B,"high pedestrian space, comfortable movement",light,roi-testing,,0.357748,14.355,0.209,
4003efd0,112,00:01:52,2026-04-01T10:12:02,10:12:02,4,4,44,44,4,0,0,0.3333,28.69,B,"high pedestrian space, comfortable movement",light,roi-testing,,0.357748,14.355,0.2787,
4003efd0,113,00:01:53,2026-04-01T10:12:03,10:12:03,3,3,44,44,3,0,0,0.3333,22.76,B,"high pedestrian space, comfortable movement",light,roi-testing,,0.357748,14.355,0.209,
4003efd0,114,00:01:54,2026-04-01T10:12:04,10:12:04,4,4,45,45,4,0,0,0.3333,28.69,B,"high pedestrian space, comfortable movement",light,roi-testing,,0.357748,14.355,0.2787,
4003efd0,115,00:01:55,2026-04-01T10:12:05,10:12:05,4,4,45,45,4,0,0,0.3333,28.69,B,"high pedestrian space, comfortable movement",light,roi-testing,,0.357748,14.355,0.2787,
4003efd0,116,00:01:56,2026-04-01T10:12:06,10:12:06,3,3,45,45,3,0,0,0.3333,22.76,B,"high pedestrian space, comfortable movement",light,roi-testing,,0.357748,14.355,0.209,
4003efd0,117,00:01:57,2026-04-01T10:12:07,10:12:07,3,3,45,45,3,0,0,0.3333,22.76,B,"high pedestrian space, comfortable movement",light,roi-testing,,0.357748,14.355,0.209,
4003efd0,118,00:01:58,2026-04-01T10:12:08,10:12:08,3,3,45,45,3,0,0,0.3333,22.76,B,"high pedestrian space, comfortable movement",light,roi-testing,,0.357748,14.355,0.209,
4003efd0,119,00:01:59,2026-04-01T10:12:09,10:12:09,3,3,45,45,3,0,0,0.3333,22.76,B,"high pedestrian space, comfortable movement",light,roi-testing,,0.357748,14.355,0.209,
4003efd0,120,00:02:00,2026-04-01T10:12:10,10:12:10,6,6,48,48,5,1,0,0.3889,41.36,C,"adequate space, noticeable interaction but manageable flow",moderate,roi-testing,,0.357748,14.355,0.418,
4003efd0,121,00:02:01,2026-04-01T10:12:11,10:12:11,3,3,48,48,3,0,0,0.3333,22.76,B,"high pedestrian space, comfortable movement",light,roi-testing,,0.357748,14.355,0.209,
4003efd0,122,00:02:02,2026-04-01T10:12:12,10:12:12,3,3,48,48,3,0,0,0.3333,22.76,B,"high pedestrian space, comfortable movement",light,roi-testing,,0.357748,14.355,0.209,
4003efd0,123,00:02:03,2026-04-01T10:12:13,10:12:13,3,3,48,48,3,0,0,0.3333,22.76,B,"high pedestrian space, comfortable movement",light,roi-testing,,0.357748,14.355,0.209,
4003efd0,124,00:02:04,2026-04-01T10:12:14,10:12:14,4,4,49,49,4,0,0,0.3333,28.69,B,"high pedestrian space, comfortable movement",light,roi-testing,,0.357748,14.355,0.2787,
4003efd0,125,00:02:05,2026-04-01T10:12:15,10:12:15,4,4,49,49,4,0,0,0.3333,28.69,B,"high pedestrian space, comfortable movement",light,roi-testing,,0.357748,14.355,0.2787,
4003efd0,126,00:02:06,2026-04-01T10:12:16,10:12:16,5,5,50,50,5,0,0,0.3333,34.61,C,"adequate space, noticeable interaction but manageable flow",moderate,roi-testing,,0.357748,14.355,0.3483,
4003efd0,127,00:02:07,2026-04-01T10:12:17,10:12:17,5,5,51,51,5,0,0,0.3333,34.61,C,"adequate space, noticeable interaction but manageable flow",moderate,roi-testing,,0.357748,14.355,0.3483,
4003efd0,128,00:02:08,2026-04-01T10:12:18,10:12:18,5,5,51,51,5,0,0,0.3333,34.61,C,"adequate space, noticeable interaction but manageable flow",moderate,roi-testing,,0.357748,14.355,0.3483,
4003efd0,129,00:02:09,2026-04-01T10:12:19,10:12:19,8,8,54,54,8,0,0,0.3333,52.37,D,"limited space, constrained movement",moderate,roi-testing,,0.357748,14.355,0.5573,
4003efd0,130,00:02:10,2026-04-01T10:12:20,10:12:20,7,7,54,54,7,0,0,0.3333,46.45,C,"adequate space, noticeable interaction but manageable flow",moderate,roi-testing,,0.357748,14.355,0.4876,
4003efd0,131,00:02:11,2026-04-01T10:12:21,10:12:21,8,8,56,56,7,0,1,0.4167,53.62,D,"limited space, constrained movement",moderate,roi-testing,,0.357748,14.355,0.5573,
4003efd0,132,00:02:12,2026-04-01T10:12:22,10:12:22,7,7,57,57,7,0,0,0.3333,46.45,C,"adequate space, noticeable interaction but manageable flow",moderate,roi-testing,,0.357748,14.355,0.4876,
4003efd0,133,00:02:13,2026-04-01T10:12:23,10:12:23,7,7,57,57,7,0,0,0.3333,46.45,C,"adequate space, noticeable interaction but manageable flow",moderate,roi-testing,,0.357748,14.355,0.4876,
4003efd0,134,00:02:14,2026-04-01T10:12:24,10:12:24,6,6,59,59,6,0,0,0.3333,40.53,C,"adequate space, noticeable interaction but manageable flow",moderate,roi-testing,,0.357748,14.355,0.418,
4003efd0,135,00:02:15,2026-04-01T10:12:25,10:12:25,5,5,59,59,5,0,0,0.3333,34.61,C,"adequate space, noticeable interaction but manageable flow",moderate,roi-testing,,0.357748,14.355,0.3483,
4003efd0,136,00:02:16,2026-04-01T10:12:26,10:12:26,6,6,61,61,6,0,0,0.3333,40.53,C,"adequate space, noticeable interaction but manageable flow",moderate,roi-testing,,0.357748,14.355,0.418,
4003efd0,137,00:02:17,2026-04-01T10:12:27,10:12:27,5,5,62,62,5,0,0,0.3333,34.61,C,"adequate space, noticeable interaction but manageable flow",moderate,roi-testing,,0.357748,14.355,0.3483,
4003efd0,138,00:02:18,2026-04-01T10:12:28,10:12:28,5,5,62,62,5,0,0,0.3333,34.61,C,"adequate space, noticeable interaction but manageable flow",moderate,roi-testing,,0.357748,14.355,0.3483,
4003efd0,139,00:02:19,2026-04-01T10:12:29,10:12:29,5,5,62,62,5,0,0,0.3333,34.61,C,"adequate space, noticeable interaction but manageable flow",moderate,roi-testing,,0.357748,14.355,0.3483,
4003efd0,140,00:02:20,2026-04-01T10:12:30,10:12:30,6,6,63,63,6,0,0,0.3333,40.53,C,"adequate space, noticeable interaction but manageable flow",moderate,roi-testing,,0.357748,14.355,0.418,
4003efd0,141,00:02:21,2026-04-01T10:12:31,10:12:31,5,5,63,63,5,0,0,0.3333,34.61,C,"adequate space, noticeable interaction but manageable flow",moderate,roi-testing,,0.357748,14.355,0.3483,
4003efd0,142,00:02:22,2026-04-01T10:12:32,10:12:32,6,6,64,64,5,1,0,0.3889,41.36,C,"adequate space, noticeable interaction but manageable flow",moderate,roi-testing,,0.357748,14.355,0.418,
4003efd0,143,00:02:23,2026-04-01T10:12:33,10:12:33,5,5,66,66,5,0,0,0.3333,34.61,C,"adequate space, noticeable interaction but manageable flow",moderate,roi-testing,,0.357748,14.355,0.3483,
4003efd0,144,00:02:24,2026-04-01T10:12:34,10:12:34,4,4,68,68,4,0,0,0.3333,28.69,B,"high pedestrian space, comfortable movement",light,roi-testing,,0.357748,14.355,0.2787,
4003efd0,145,00:02:25,2026-04-01T10:12:35,10:12:35,3,3,68,68,3,0,0,0.3333,22.76,B,"high pedestrian space, comfortable movement",light,roi-testing,,0.357748,14.355,0.209,
4003efd0,146,00:02:26,2026-04-01T10:12:36,10:12:36,3,3,68,68,3,0,0,0.3333,22.76,B,"high pedestrian space, comfortable movement",light,roi-testing,,0.357748,14.355,0.209,
4003efd0,147,00:02:27,2026-04-01T10:12:37,10:12:37,3,3,68,68,3,0,0,0.3333,22.76,B,"high pedestrian space, comfortable movement",light,roi-testing,,0.357748,14.355,0.209,
4003efd0,148,00:02:28,2026-04-01T10:12:38,10:12:38,3,3,69,69,3,0,0,0.3333,22.76,B,"high pedestrian space, comfortable movement",light,roi-testing,,0.357748,14.355,0.209,
4003efd0,149,00:02:29,2026-04-01T10:12:39,10:12:39,3,3,69,69,3,0,0,0.3333,22.76,B,"high pedestrian space, comfortable movement",light,roi-testing,,0.357748,14.355,0.209,
4003efd0,150,00:02:30,2026-04-01T10:12:40,10:12:40,3,3,69,69,3,0,0,0.3333,22.76,B,"high pedestrian space, comfortable movement",light,roi-testing,,0.357748,14.355,0.209,
4003efd0,151,00:02:31,2026-04-01T10:12:41,10:12:41,2,2,69,69,2,0,0,0.3333,16.84,B,"high pedestrian space, comfortable movement",light,roi-testing,,0.357748,14.355,0.1393,
4003efd0,152,00:02:32,2026-04-01T10:12:42,10:12:42,2,2,69,69,2,0,0,0.3333,16.84,B,"high pedestrian space, comfortable movement",light,roi-testing,,0.357748,14.355,0.1393,
4003efd0,153,00:02:33,2026-04-01T10:12:43,10:12:43,3,3,70,70,3,0,0,0.3333,22.76,B,"high pedestrian space, comfortable movement",light,roi-testing,,0.357748,14.355,0.209,
4003efd0,154,00:02:34,2026-04-01T10:12:44,10:12:44,4,4,71,71,4,0,0,0.3333,28.69,B,"high pedestrian space, comfortable movement",light,roi-testing,,0.357748,14.355,0.2787,
4003efd0,155,00:02:35,2026-04-01T10:12:45,10:12:45,4,4,72,72,4,0,0,0.3333,28.69,B,"high pedestrian space, comfortable movement",light,roi-testing,,0.357748,14.355,0.2787,
4003efd0,156,00:02:36,2026-04-01T10:12:46,10:12:46,3,3,73,73,3,0,0,0.3333,22.76,B,"high pedestrian space, comfortable movement",light,roi-testing,,0.357748,14.355,0.209,
4003efd0,157,00:02:37,2026-04-01T10:12:47,10:12:47,2,2,73,73,2,0,0,0.3333,16.84,B,"high pedestrian space, comfortable movement",light,roi-testing,,0.357748,14.355,0.1393,
4003efd0,158,00:02:38,2026-04-01T10:12:48,10:12:48,3,3,74,74,3,0,0,0.3333,22.76,B,"high pedestrian space, comfortable movement",light,roi-testing,,0.357748,14.355,0.209,
4003efd0,159,00:02:39,2026-04-01T10:12:49,10:12:49,3,3,74,74,3,0,0,0.3333,22.76,B,"high pedestrian space, comfortable movement",light,roi-testing,,0.357748,14.355,0.209,
4003efd0,160,00:02:40,2026-04-01T10:12:50,10:12:50,4,4,75,75,4,0,0,0.3333,28.69,B,"high pedestrian space, comfortable movement",light,roi-testing,,0.357748,14.355,0.2787,
4003efd0,161,00:02:41,2026-04-01T10:12:51,10:12:51,5,5,76,76,3,2,0,0.4667,36.61,C,"adequate space, noticeable interaction but manageable flow",moderate,roi-testing,,0.357748,14.355,0.3483,
4003efd0,162,00:02:42,2026-04-01T10:12:52,10:12:52,4,4,77,77,4,0,0,0.3333,28.69,B,"high pedestrian space, comfortable movement",light,roi-testing,,0.357748,14.355,0.2787,
4003efd0,163,00:02:43,2026-04-01T10:12:53,10:12:53,5,5,78,78,5,0,0,0.3333,34.61,C,"adequate space, noticeable interaction but manageable flow",moderate,roi-testing,,0.357748,14.355,0.3483,
4003efd0,164,00:02:44,2026-04-01T10:12:54,10:12:54,5,5,79,79,5,0,0,0.3333,34.61,C,"adequate space, noticeable interaction but manageable flow",moderate,roi-testing,,0.357748,14.355,0.3483,
4003efd0,165,00:02:45,2026-04-01T10:12:55,10:12:55,4,4,79,79,4,0,0,0.3333,28.69,B,"high pedestrian space, comfortable movement",light,roi-testing,,0.357748,14.355,0.2787,
4003efd0,166,00:02:46,2026-04-01T10:12:56,10:12:56,5,5,80,80,5,0,0,0.3333,34.61,C,"adequate space, noticeable interaction but manageable flow",moderate,roi-testing,,0.357748,14.355,0.3483,
4003efd0,167,00:02:47,2026-04-01T10:12:57,10:12:57,5,5,80,80,5,0,0,0.3333,34.61,C,"adequate space, noticeable interaction but manageable flow",moderate,roi-testing,,0.357748,14.355,0.3483,
4003efd0,168,00:02:48,2026-04-01T10:12:58,10:12:58,3,3,80,80,3,0,0,0.3333,22.76,B,"high pedestrian space, comfortable movement",light,roi-testing,,0.357748,14.355,0.209,
4003efd0,169,00:02:49,2026-04-01T10:12:59,10:12:59,4,4,81,81,4,0,0,0.3333,28.69,B,"high pedestrian space, comfortable movement",light,roi-testing,,0.357748,14.355,0.2787,
4003efd0,170,00:02:50,2026-04-01T10:13:00,10:13:00,2,2,81,81,2,0,0,0.3333,16.84,B,"high pedestrian space, comfortable movement",light,roi-testing,,0.357748,14.355,0.1393,
4003efd0,171,00:02:51,2026-04-01T10:13:01,10:13:01,2,2,81,81,2,0,0,0.3333,16.84,B,"high pedestrian space, comfortable movement",light,roi-testing,,0.357748,14.355,0.1393,
4003efd0,172,00:02:52,2026-04-01T10:13:02,10:13:02,3,3,82,82,2,0,1,0.5556,26.1,B,"high pedestrian space, comfortable movement",light,roi-testing,,0.357748,14.355,0.209,
4003efd0,173,00:02:53,2026-04-01T10:13:03,10:13:03,2,2,82,82,2,0,0,0.3333,16.84,B,"high pedestrian space, comfortable movement",light,roi-testing,,0.357748,14.355,0.1393,
4003efd0,174,00:02:54,2026-04-01T10:13:04,10:13:04,2,2,82,82,2,0,0,0.3333,16.84,B,"high pedestrian space, comfortable movement",light,roi-testing,,0.357748,14.355,0.1393,
4003efd0,175,00:02:55,2026-04-01T10:13:05,10:13:05,2,2,82,82,2,0,0,0.3333,16.84,B,"high pedestrian space, comfortable movement",light,roi-testing,,0.357748,14.355,0.1393,
4003efd0,176,00:02:56,2026-04-01T10:13:06,10:13:06,2,2,82,82,2,0,0,0.3333,16.84,B,"high pedestrian space, comfortable movement",light,roi-testing,,0.357748,14.355,0.1393,
4003efd0,177,00:02:57,2026-04-01T10:13:07,10:13:07,4,4,84,84,4,0,0,0.3333,28.69,B,"high pedestrian space, comfortable movement",light,roi-testing,,0.357748,14.355,0.2787,
4003efd0,178,00:02:58,2026-04-01T10:13:08,10:13:08,5,5,85,85,5,0,0,0.3333,34.61,C,"adequate space, noticeable interaction but manageable flow",moderate,roi-testing,,0.357748,14.355,0.3483,
4003efd0,179,00:02:59,2026-04-01T10:13:09,10:13:09,3,3,86,86,2,1,0,0.4444,24.43,B,"high pedestrian space, comfortable movement",light,roi-testing,,0.357748,14.355,0.209,
4003efd0,180,00:03:00,2026-04-01T10:13:10,10:13:10,4,4,88,88,3,1,0,0.4167,29.94,B,"high pedestrian space, comfortable movement",light,roi-testing,,0.357748,14.355,0.2787,
4003efd0,181,00:03:01,2026-04-01T10:13:11,10:13:11,6,6,91,91,6,0,0,0.3333,40.53,C,"adequate space, noticeable interaction but manageable flow",moderate,roi-testing,,0.357748,14.355,0.418,
4003efd0,182,00:03:02,2026-04-01T10:13:12,10:13:12,5,5,92,92,5,0,0,0.3333,34.61,C,"adequate space, noticeable interaction but manageable flow",moderate,roi-testing,,0.357748,14.355,0.3483,
4003efd0,183,00:03:03,2026-04-01T10:13:13,10:13:13,6,6,94,94,5,1,0,0.3889,41.36,C,"adequate space, noticeable interaction but manageable flow",moderate,roi-testing,,0.357748,14.355,0.418,
4003efd0,184,00:03:04,2026-04-01T10:13:14,10:13:14,4,4,95,95,4,0,0,0.3333,28.69,B,"high pedestrian space, comfortable movement",light,roi-testing,,0.357748,14.355,0.2787,
4003efd0,185,00:03:05,2026-04-01T10:13:15,10:13:15,5,5,95,95,5,0,0,0.3333,34.61,C,"adequate space, noticeable interaction but manageable flow",moderate,roi-testing,,0.357748,14.355,0.3483,
4003efd0,186,00:03:06,2026-04-01T10:13:16,10:13:16,5,5,95,95,5,0,0,0.3333,34.61,C,"adequate space, noticeable interaction but manageable flow",moderate,roi-testing,,0.357748,14.355,0.3483,
4003efd0,187,00:03:07,2026-04-01T10:13:17,10:13:17,7,7,98,98,7,0,0,0.3333,46.45,C,"adequate space, noticeable interaction but manageable flow",moderate,roi-testing,,0.357748,14.355,0.4876,
4003efd0,188,00:03:08,2026-04-01T10:13:18,10:13:18,5,5,98,98,5,0,0,0.3333,34.61,C,"adequate space, noticeable interaction but manageable flow",moderate,roi-testing,,0.357748,14.355,0.3483,
4003efd0,189,00:03:09,2026-04-01T10:13:19,10:13:19,5,5,99,99,5,0,0,0.3333,34.61,C,"adequate space, noticeable interaction but manageable flow",moderate,roi-testing,,0.357748,14.355,0.3483,
4003efd0,190,00:03:10,2026-04-01T10:13:20,10:13:20,5,5,100,100,5,0,0,0.3333,34.61,C,"adequate space, noticeable interaction but manageable flow",moderate,roi-testing,,0.357748,14.355,0.3483,
4003efd0,191,00:03:11,2026-04-01T10:13:21,10:13:21,3,3,101,101,3,0,0,0.3333,22.76,B,"high pedestrian space, comfortable movement",light,roi-testing,,0.357748,14.355,0.209,
4003efd0,192,00:03:12,2026-04-01T10:13:22,10:13:22,3,3,101,101,3,0,0,0.3333,22.76,B,"high pedestrian space, comfortable movement",light,roi-testing,,0.357748,14.355,0.209,
4003efd0,193,00:03:13,2026-04-01T10:13:23,10:13:23,3,3,101,101,3,0,0,0.3333,22.76,B,"high pedestrian space, comfortable movement",light,roi-testing,,0.357748,14.355,0.209,
4003efd0,194,00:03:14,2026-04-01T10:13:24,10:13:24,3,3,101,101,3,0,0,0.3333,22.76,B,"high pedestrian space, comfortable movement",light,roi-testing,,0.357748,14.355,0.209,
4003efd0,195,00:03:15,2026-04-01T10:13:25,10:13:25,5,5,103,103,3,2,0,0.4667,36.61,C,"adequate space, noticeable interaction but manageable flow",moderate,roi-testing,,0.357748,14.355,0.3483,
4003efd0,196,00:03:16,2026-04-01T10:13:26,10:13:26,4,4,103,103,3,1,0,0.4167,29.94,B,"high pedestrian space, comfortable movement",light,roi-testing,,0.357748,14.355,0.2787,
4003efd0,197,00:03:17,2026-04-01T10:13:27,10:13:27,4,4,104,104,4,0,0,0.3333,28.69,B,"high pedestrian space, comfortable movement",light,roi-testing,,0.357748,14.355,0.2787,
4003efd0,198,00:03:18,2026-04-01T10:13:28,10:13:28,7,7,107,107,6,1,0,0.381,47.16,C,"adequate space, noticeable interaction but manageable flow",moderate,roi-testing,,0.357748,14.355,0.4876,
4003efd0,199,00:03:19,2026-04-01T10:13:29,10:13:29,9,9,110,110,6,2,1,0.4815,60.51,D,"limited space, constrained movement",moderate,roi-testing,,0.357748,14.355,0.627,
4003efd0,200,00:03:20,2026-04-01T10:13:30,10:13:30,9,9,111,111,6,1,2,0.5185,61.07,D,"limited space, constrained movement",moderate,roi-testing,,0.357748,14.355,0.627,
4003efd0,201,00:03:21,2026-04-01T10:13:31,10:13:31,7,7,112,112,6,1,0,0.381,47.16,C,"adequate space, noticeable interaction but manageable flow",moderate,roi-testing,,0.357748,14.355,0.4876,
4003efd0,202,00:03:22,2026-04-01T10:13:32,10:13:32,8,8,113,113,6,2,0,0.4167,53.62,D,"limited space, constrained movement",moderate,roi-testing,,0.357748,14.355,0.5573,
4003efd0,203,00:03:23,2026-04-01T10:13:33,10:13:33,7,7,116,116,6,1,0,0.381,47.16,C,"adequate space, noticeable interaction but manageable flow",moderate,roi-testing,,0.357748,14.355,0.4876,
4003efd0,204,00:03:24,2026-04-01T10:13:34,10:13:34,5,5,116,116,5,0,0,0.3333,34.61,C,"adequate space, noticeable interaction but manageable flow",moderate,roi-testing,,0.357748,14.355,0.3483,
4003efd0,205,00:03:25,2026-04-01T10:13:35,10:13:35,5,5,117,117,3,2,0,0.4667,36.61,C,"adequate space, noticeable interaction but manageable flow",moderate,roi-testing,,0.357748,14.355,0.3483,
4003efd0,206,00:03:26,2026-04-01T10:13:36,10:13:36,5,5,118,118,3,1,1,0.5333,37.61,C,"adequate space, noticeable interaction but manageable flow",moderate,roi-testing,,0.357748,14.355,0.3483,
4003efd0,207,00:03:27,2026-04-01T10:13:37,10:13:37,4,4,119,119,4,0,0,0.3333,28.69,B,"high pedestrian space, comfortable movement",light,roi-testing,,0.357748,14.355,0.2787,
4003efd0,208,00:03:28,2026-04-01T10:13:38,10:13:38,5,5,119,119,4,1,0,0.4,35.61,C,"adequate space, noticeable interaction but manageable flow",moderate,roi-testing,,0.357748,14.355,0.3483,
4003efd0,209,00:03:29,2026-04-01T10:13:39,10:13:39,5,5,120,120,4,0,1,0.4667,36.61,C,"adequate space, noticeable interaction but manageable flow",moderate,roi-testing,,0.357748,14.355,0.3483,
4003efd0,210,00:03:30,2026-04-01T10:13:40,10:13:40,4,4,120,120,4,0,0,0.3333,28.69,B,"high pedestrian space, comfortable movement",light,roi-testing,,0.357748,14.355,0.2787,
4003efd0,211,00:03:31,2026-04-01T10:13:41,10:13:41,3,3,120,120,3,0,0,0.3333,22.76,B,"high pedestrian space, comfortable movement",light,roi-testing,,0.357748,14.355,0.209,
4003efd0,212,00:03:32,2026-04-01T10:13:42,10:13:42,3,3,120,120,3,0,0,0.3333,22.76,B,"high pedestrian space, comfortable movement",light,roi-testing,,0.357748,14.355,0.209,
4003efd0,213,00:03:33,2026-04-01T10:13:43,10:13:43,4,4,121,121,4,0,0,0.3333,28.69,B,"high pedestrian space, comfortable movement",light,roi-testing,,0.357748,14.355,0.2787,
4003efd0,214,00:03:34,2026-04-01T10:13:44,10:13:44,5,5,122,122,5,0,0,0.3333,34.61,C,"adequate space, noticeable interaction but manageable flow",moderate,roi-testing,,0.357748,14.355,0.3483,
4003efd0,215,00:03:35,2026-04-01T10:13:45,10:13:45,8,8,125,125,6,0,2,0.5,54.87,D,"limited space, constrained movement",moderate,roi-testing,,0.357748,14.355,0.5573,
4003efd0,216,00:03:36,2026-04-01T10:13:46,10:13:46,7,7,126,126,7,0,0,0.3333,46.45,C,"adequate space, noticeable interaction but manageable flow",moderate,roi-testing,,0.357748,14.355,0.4876,
4003efd0,217,00:03:37,2026-04-01T10:13:47,10:13:47,7,7,129,129,4,0,3,0.619,50.74,D,"limited space, constrained movement",moderate,roi-testing,,0.357748,14.355,0.4876,
4003efd0,218,00:03:38,2026-04-01T10:13:48,10:13:48,8,8,130,130,4,4,0,0.5,54.87,D,"limited space, constrained movement",moderate,roi-testing,,0.357748,14.355,0.5573,
4003efd0,219,00:03:39,2026-04-01T10:13:49,10:13:49,9,9,131,131,4,3,2,0.5926,62.18,D,"limited space, constrained movement",moderate,roi-testing,,0.357748,14.355,0.627,
4003efd0,220,00:03:40,2026-04-01T10:13:50,10:13:50,9,9,132,132,4,3,2,0.5926,62.18,D,"limited space, constrained movement",moderate,roi-testing,,0.357748,14.355,0.627,
4003efd0,221,00:03:41,2026-04-01T10:13:51,10:13:51,10,10,135,135,7,1,2,0.5,66.71,E,"crowded conditions, frequent interference",heavy,roi-testing,,0.357748,14.355,0.6966,
4003efd0,222,00:03:42,2026-04-01T10:13:52,10:13:52,8,8,135,135,7,1,0,0.375,53.0,D,"limited space, constrained movement",moderate,roi-testing,,0.357748,14.355,0.5573,
4003efd0,223,00:03:43,2026-04-01T10:13:53,10:13:53,7,7,136,136,5,2,0,0.4286,47.88,C,"adequate space, noticeable interaction but manageable flow",moderate,roi-testing,,0.357748,14.355,0.4876,
4003efd0,224,00:03:44,2026-04-01T10:13:54,10:13:54,7,7,136,136,5,2,0,0.4286,47.88,C,"adequate space, noticeable interaction but manageable flow",moderate,roi-testing,,0.357748,14.355,0.4876,
4003efd0,225,00:03:45,2026-04-01T10:13:55,10:13:55,6,6,137,137,5,1,0,0.3889,41.36,C,"adequate space, noticeable interaction but manageable flow",moderate,roi-testing,,0.357748,14.355,0.418,
4003efd0,226,00:03:46,2026-04-01T10:13:56,10:13:56,6,6,138,138,5,1,0,0.3889,41.36,C,"adequate space, noticeable interaction but manageable flow",moderate,roi-testing,,0.357748,14.355,0.418,
4003efd0,227,00:03:47,2026-04-01T10:13:57,10:13:57,5,5,138,138,4,1,0,0.4,35.61,C,"adequate space, noticeable interaction but manageable flow",moderate,roi-testing,,0.357748,14.355,0.3483,
4003efd0,228,00:03:48,2026-04-01T10:13:58,10:13:58,6,6,139,139,4,2,0,0.4444,42.19,C,"adequate space, noticeable interaction but manageable flow",moderate,roi-testing,,0.357748,14.355,0.418,
4003efd0,229,00:03:49,2026-04-01T10:13:59,10:13:59,7,7,141,141,4,3,0,0.4762,48.59,C,"adequate space, noticeable interaction but manageable flow",moderate,roi-testing,,0.357748,14.355,0.4876,
4003efd0,230,00:03:50,2026-04-01T10:14:00,10:14:00,7,7,142,142,5,2,0,0.4286,47.88,C,"adequate space, noticeable interaction but manageable flow",moderate,roi-testing,,0.357748,14.355,0.4876,
4003efd0,231,00:03:51,2026-04-01T10:14:01,10:14:01,7,7,143,143,7,0,0,0.3333,46.45,C,"adequate space, noticeable interaction but manageable flow",moderate,roi-testing,,0.357748,14.355,0.4876,
4003efd0,232,00:03:52,2026-04-01T10:14:02,10:14:02,8,8,144,144,8,0,0,0.3333,52.37,D,"limited space, constrained movement",moderate,roi-testing,,0.357748,14.355,0.5573,
4003efd0,233,00:03:53,2026-04-01T10:14:03,10:14:03,8,8,146,146,8,0,0,0.3333,52.37,D,"limited space, constrained movement",moderate,roi-testing,,0.357748,14.355,0.5573,
4003efd0,234,00:03:54,2026-04-01T10:14:04,10:14:04,7,7,149,149,7,0,0,0.3333,46.45,C,"adequate space, noticeable interaction but manageable flow",moderate,roi-testing,,0.357748,14.355,0.4876,
4003efd0,235,00:03:55,2026-04-01T10:14:05,10:14:05,7,7,150,150,6,1,0,0.381,47.16,C,"adequate space, noticeable interaction but manageable flow",moderate,roi-testing,,0.357748,14.355,0.4876,
4003efd0,236,00:03:56,2026-04-01T10:14:06,10:14:06,5,5,150,150,5,0,0,0.3333,34.61,C,"adequate space, noticeable interaction but manageable flow",moderate,roi-testing,,0.357748,14.355,0.3483,
4003efd0,237,00:03:57,2026-04-01T10:14:07,10:14:07,6,6,151,151,6,0,0,0.3333,40.53,C,"adequate space, noticeable interaction but manageable flow",moderate,roi-testing,,0.357748,14.355,0.418,
4003efd0,238,00:03:58,2026-04-01T10:14:08,10:14:08,7,7,152,152,6,1,0,0.381,47.16,C,"adequate space, noticeable interaction but manageable flow",moderate,roi-testing,,0.357748,14.355,0.4876,
4003efd0,239,00:03:59,2026-04-01T10:14:09,10:14:09,5,5,153,153,5,0,0,0.3333,34.61,C,"adequate space, noticeable interaction but manageable flow",moderate,roi-testing,,0.357748,14.355,0.3483,
4003efd0,240,00:04:00,2026-04-01T10:14:10,10:14:10,5,5,153,153,5,0,0,0.3333,34.61,C,"adequate space, noticeable interaction but manageable flow",moderate,roi-testing,,0.357748,14.355,0.3483,
4003efd0,241,00:04:01,2026-04-01T10:14:11,10:14:11,7,7,155,155,7,0,0,0.3333,46.45,C,"adequate space, noticeable interaction but manageable flow",moderate,roi-testing,,0.357748,14.355,0.4876,
4003efd0,242,00:04:02,2026-04-01T10:14:12,10:14:12,7,7,157,157,7,0,0,0.3333,46.45,C,"adequate space, noticeable interaction but manageable flow",moderate,roi-testing,,0.357748,14.355,0.4876,
4003efd0,243,00:04:03,2026-04-01T10:14:13,10:14:13,6,6,158,158,6,0,0,0.3333,40.53,C,"adequate space, noticeable interaction but manageable flow",moderate,roi-testing,,0.357748,14.355,0.418,
4003efd0,244,00:04:04,2026-04-01T10:14:14,10:14:14,5,5,158,158,5,0,0,0.3333,34.61,C,"adequate space, noticeable interaction but manageable flow",moderate,roi-testing,,0.357748,14.355,0.3483,
4003efd0,245,00:04:05,2026-04-01T10:14:15,10:14:15,6,6,159,159,6,0,0,0.3333,40.53,C,"adequate space, noticeable interaction but manageable flow",moderate,roi-testing,,0.357748,14.355,0.418,
4003efd0,246,00:04:06,2026-04-01T10:14:16,10:14:16,4,4,159,159,4,0,0,0.3333,28.69,B,"high pedestrian space, comfortable movement",light,roi-testing,,0.357748,14.355,0.2787,
4003efd0,247,00:04:07,2026-04-01T10:14:17,10:14:17,5,5,160,160,5,0,0,0.3333,34.61,C,"adequate space, noticeable interaction but manageable flow",moderate,roi-testing,,0.357748,14.355,0.3483,
4003efd0,248,00:04:08,2026-04-01T10:14:18,10:14:18,3,3,160,160,3,0,0,0.3333,22.76,B,"high pedestrian space, comfortable movement",light,roi-testing,,0.357748,14.355,0.209,
4003efd0,249,00:04:09,2026-04-01T10:14:19,10:14:19,5,5,162,162,5,0,0,0.3333,34.61,C,"adequate space, noticeable interaction but manageable flow",moderate,roi-testing,,0.357748,14.355,0.3483,
4003efd0,250,00:04:10,2026-04-01T10:14:20,10:14:20,5,5,162,162,5,0,0,0.3333,34.61,C,"adequate space, noticeable interaction but manageable flow",moderate,roi-testing,,0.357748,14.355,0.3483,
4003efd0,251,00:04:11,2026-04-01T10:14:21,10:14:21,4,4,163,163,4,0,0,0.3333,28.69,B,"high pedestrian space, comfortable movement",light,roi-testing,,0.357748,14.355,0.2787,
4003efd0,252,00:04:12,2026-04-01T10:14:22,10:14:22,4,4,163,163,4,0,0,0.3333,28.69,B,"high pedestrian space, comfortable movement",light,roi-testing,,0.357748,14.355,0.2787,
4003efd0,253,00:04:13,2026-04-01T10:14:23,10:14:23,5,5,164,164,5,0,0,0.3333,34.61,C,"adequate space, noticeable interaction but manageable flow",moderate,roi-testing,,0.357748,14.355,0.3483,
4003efd0,254,00:04:14,2026-04-01T10:14:24,10:14:24,5,5,165,165,5,0,0,0.3333,34.61,C,"adequate space, noticeable interaction but manageable flow",moderate,roi-testing,,0.357748,14.355,0.3483,
4003efd0,255,00:04:15,2026-04-01T10:14:25,10:14:25,3,3,165,165,3,0,0,0.3333,22.76,B,"high pedestrian space, comfortable movement",light,roi-testing,,0.357748,14.355,0.209,
4003efd0,256,00:04:16,2026-04-01T10:14:26,10:14:26,4,4,166,166,4,0,0,0.3333,28.69,B,"high pedestrian space, comfortable movement",light,roi-testing,,0.357748,14.355,0.2787,
4003efd0,257,00:04:17,2026-04-01T10:14:27,10:14:27,4,4,166,166,4,0,0,0.3333,28.69,B,"high pedestrian space, comfortable movement",light,roi-testing,,0.357748,14.355,0.2787,
4003efd0,258,00:04:18,2026-04-01T10:14:28,10:14:28,3,3,166,166,3,0,0,0.3333,22.76,B,"high pedestrian space, comfortable movement",light,roi-testing,,0.357748,14.355,0.209,
4003efd0,259,00:04:19,2026-04-01T10:14:29,10:14:29,2,2,166,166,2,0,0,0.3333,16.84,B,"high pedestrian space, comfortable movement",light,roi-testing,,0.357748,14.355,0.1393,
4003efd0,260,00:04:20,2026-04-01T10:14:30,10:14:30,3,3,167,167,3,0,0,0.3333,22.76,B,"high pedestrian space, comfortable movement",light,roi-testing,,0.357748,14.355,0.209,
4003efd0,261,00:04:21,2026-04-01T10:14:31,10:14:31,3,3,167,167,3,0,0,0.3333,22.76,B,"high pedestrian space, comfortable movement",light,roi-testing,,0.357748,14.355,0.209,
4003efd0,262,00:04:22,2026-04-01T10:14:32,10:14:32,3,3,168,168,2,0,1,0.5556,26.1,B,"high pedestrian space, comfortable movement",light,roi-testing,,0.357748,14.355,0.209,
4003efd0,263,00:04:23,2026-04-01T10:14:33,10:14:33,4,4,169,169,4,0,0,0.3333,28.69,B,"high pedestrian space, comfortable movement",light,roi-testing,,0.357748,14.355,0.2787,
4003efd0,264,00:04:24,2026-04-01T10:14:34,10:14:34,2,2,169,169,2,0,0,0.3333,16.84,B,"high pedestrian space, comfortable movement",light,roi-testing,,0.357748,14.355,0.1393,
4003efd0,265,00:04:25,2026-04-01T10:14:35,10:14:35,3,3,170,170,3,0,0,0.3333,22.76,B,"high pedestrian space, comfortable movement",light,roi-testing,,0.357748,14.355,0.209,
4003efd0,266,00:04:26,2026-04-01T10:14:36,10:14:36,4,4,171,171,3,1,0,0.4167,29.94,B,"high pedestrian space, comfortable movement",light,roi-testing,,0.357748,14.355,0.2787,
4003efd0,267,00:04:27,2026-04-01T10:14:37,10:14:37,3,3,171,171,3,0,0,0.3333,22.76,B,"high pedestrian space, comfortable movement",light,roi-testing,,0.357748,14.355,0.209,
4003efd0,268,00:04:28,2026-04-01T10:14:38,10:14:38,3,3,171,171,3,0,0,0.3333,22.76,B,"high pedestrian space, comfortable movement",light,roi-testing,,0.357748,14.355,0.209,
4003efd0,269,00:04:29,2026-04-01T10:14:39,10:14:39,3,3,171,171,3,0,0,0.3333,22.76,B,"high pedestrian space, comfortable movement",light,roi-testing,,0.357748,14.355,0.209,
4003efd0,270,00:04:30,2026-04-01T10:14:40,10:14:40,3,3,171,171,3,0,0,0.3333,22.76,B,"high pedestrian space, comfortable movement",light,roi-testing,,0.357748,14.355,0.209,
4003efd0,271,00:04:31,2026-04-01T10:14:41,10:14:41,3,3,171,171,3,0,0,0.3333,22.76,B,"high pedestrian space, comfortable movement",light,roi-testing,,0.357748,14.355,0.209,
4003efd0,272,00:04:32,2026-04-01T10:14:42,10:14:42,3,3,171,171,3,0,0,0.3333,22.76,B,"high pedestrian space, comfortable movement",light,roi-testing,,0.357748,14.355,0.209,
4003efd0,273,00:04:33,2026-04-01T10:14:43,10:14:43,3,3,171,171,3,0,0,0.3333,22.76,B,"high pedestrian space, comfortable movement",light,roi-testing,,0.357748,14.355,0.209,
4003efd0,274,00:04:34,2026-04-01T10:14:44,10:14:44,3,3,171,171,3,0,0,0.3333,22.76,B,"high pedestrian space, comfortable movement",light,roi-testing,,0.357748,14.355,0.209,
4003efd0,275,00:04:35,2026-04-01T10:14:45,10:14:45,3,3,171,171,3,0,0,0.3333,22.76,B,"high pedestrian space, comfortable movement",light,roi-testing,,0.357748,14.355,0.209,
4003efd0,276,00:04:36,2026-04-01T10:14:46,10:14:46,3,3,171,171,3,0,0,0.3333,22.76,B,"high pedestrian space, comfortable movement",light,roi-testing,,0.357748,14.355,0.209,
4003efd0,277,00:04:37,2026-04-01T10:14:47,10:14:47,3,3,171,171,3,0,0,0.3333,22.76,B,"high pedestrian space, comfortable movement",light,roi-testing,,0.357748,14.355,0.209,
4003efd0,278,00:04:38,2026-04-01T10:14:48,10:14:48,3,3,171,171,3,0,0,0.3333,22.76,B,"high pedestrian space, comfortable movement",light,roi-testing,,0.357748,14.355,0.209,
4003efd0,279,00:04:39,2026-04-01T10:14:49,10:14:49,3,3,171,171,3,0,0,0.3333,22.76,B,"high pedestrian space, comfortable movement",light,roi-testing,,0.357748,14.355,0.209,
4003efd0,280,00:04:40,2026-04-01T10:14:50,10:14:50,3,3,171,171,3,0,0,0.3333,22.76,B,"high pedestrian space, comfortable movement",light,roi-testing,,0.357748,14.355,0.209,
4003efd0,281,00:04:41,2026-04-01T10:14:51,10:14:51,2,2,171,171,2,0,0,0.3333,16.84,B,"high pedestrian space, comfortable movement",light,roi-testing,,0.357748,14.355,0.1393,
4003efd0,282,00:04:42,2026-04-01T10:14:52,10:14:52,1,1,171,171,1,0,0,0.3333,10.92,A,"very high pedestrian space, free movement",light,roi-testing,,0.357748,14.355,0.0697,
4003efd0,283,00:04:43,2026-04-01T10:14:53,10:14:53,1,1,171,171,1,0,0,0.3333,10.92,A,"very high pedestrian space, free movement",light,roi-testing,,0.357748,14.355,0.0697,
4003efd0,284,00:04:44,2026-04-01T10:14:54,10:14:54,1,1,172,172,1,0,0,0.3333,10.92,A,"very high pedestrian space, free movement",light,roi-testing,,0.357748,14.355,0.0697,
4003efd0,285,00:04:45,2026-04-01T10:14:55,10:14:55,1,1,172,172,1,0,0,0.3333,10.92,A,"very high pedestrian space, free movement",light,roi-testing,,0.357748,14.355,0.0697,
4003efd0,286,00:04:46,2026-04-01T10:14:56,10:14:56,1,1,172,172,1,0,0,0.3333,10.92,A,"very high pedestrian space, free movement",light,roi-testing,,0.357748,14.355,0.0697,
4003efd0,287,00:04:47,2026-04-01T10:14:57,10:14:57,2,2,173,173,2,0,0,0.3333,16.84,B,"high pedestrian space, comfortable movement",light,roi-testing,,0.357748,14.355,0.1393,
4003efd0,288,00:04:48,2026-04-01T10:14:58,10:14:58,3,3,174,174,3,0,0,0.3333,22.76,B,"high pedestrian space, comfortable movement",light,roi-testing,,0.357748,14.355,0.209,
4003efd0,289,00:04:49,2026-04-01T10:14:59,10:14:59,2,2,174,174,2,0,0,0.3333,16.84,B,"high pedestrian space, comfortable movement",light,roi-testing,,0.357748,14.355,0.1393,
4003efd0,290,00:04:50,2026-04-01T10:15:00,10:15:00,1,1,174,174,1,0,0,0.3333,10.92,A,"very high pedestrian space, free movement",light,roi-testing,,0.357748,14.355,0.0697,
4003efd0,291,00:04:51,2026-04-01T10:15:01,10:15:01,1,1,174,174,1,0,0,0.3333,10.92,A,"very high pedestrian space, free movement",light,roi-testing,,0.357748,14.355,0.0697,
4003efd0,292,00:04:52,2026-04-01T10:15:02,10:15:02,2,2,175,175,2,0,0,0.3333,16.84,B,"high pedestrian space, comfortable movement",light,roi-testing,,0.357748,14.355,0.1393,
4003efd0,293,00:04:53,2026-04-01T10:15:03,10:15:03,2,2,175,175,2,0,0,0.3333,16.84,B,"high pedestrian space, comfortable movement",light,roi-testing,,0.357748,14.355,0.1393,
4003efd0,294,00:04:54,2026-04-01T10:15:04,10:15:04,3,3,176,176,3,0,0,0.3333,22.76,B,"high pedestrian space, comfortable movement",light,roi-testing,,0.357748,14.355,0.209,
4003efd0,295,00:04:55,2026-04-01T10:15:05,10:15:05,2,2,176,176,2,0,0,0.3333,16.84,B,"high pedestrian space, comfortable movement",light,roi-testing,,0.357748,14.355,0.1393,
4003efd0,296,00:04:56,2026-04-01T10:15:06,10:15:06,2,2,176,176,2,0,0,0.3333,16.84,B,"high pedestrian space, comfortable movement",light,roi-testing,,0.357748,14.355,0.1393,
4003efd0,297,00:04:57,2026-04-01T10:15:07,10:15:07,3,3,177,177,3,0,0,0.3333,22.76,B,"high pedestrian space, comfortable movement",light,roi-testing,,0.357748,14.355,0.209,
4003efd0,298,00:04:58,2026-04-01T10:15:08,10:15:08,3,3,177,177,3,0,0,0.3333,22.76,B,"high pedestrian space, comfortable movement",light,roi-testing,,0.357748,14.355,0.209,
4003efd0,299,00:04:59,2026-04-01T10:15:09,10:15:09,4,4,178,178,4,0,0,0.3333,28.69,B,"high pedestrian space, comfortable movement",light,roi-testing,,0.357748,14.355,0.2787,
